kind	path	size_bytes	sha256
font	fonts/32_32_large	8388608	cd9c186800071bde1aa3a25bb59e6e166c1eb97056207daa61283c7f36943ed8
font	fonts/32_32_small	8388608	a0b76d19fe90a924906f9acf18a3039c09eca6c4179f0196efbc1447cd5ecf26
font	fonts/8_small	1024	b188577745fbf15d55a991ae8e449493a90809cf7c60d8a5f4a9c03300517341
payload-asset	raw-assets/assets/20_large	3932160	65ffb32b9c81fd46ac6b41efe88eb75ddcfff3811032420810e8237b832037fd
payload-asset	raw-assets/assets/20_small	3932160	d7c7806faf647b6b98341444c99b38fdd667aa00d6f93d8bca85edfec6488cae
payload-asset	raw-assets/assets/32_14_large	1835008	00581ebc39fae299a88f1660effd82830934b5ec4eeeb3c00c883cec49d25b6c
payload-asset	raw-assets/assets/32_14_small	1835008	0020dc5b574397e3558ae77be4ca118f195df566f8e366fc7ac1a63850807e92
payload-asset	raw-assets/assets/32_16_large	2097152	1a0ffdd018419cefce9e03a938fbfda05d92b86da6c41df791f3815248cc8c8e
payload-asset	raw-assets/assets/32_16_small	2097152	184bba4dbb1cbc15a61d3cfa5608b8e9e8db9a208247075f3176e440db5fdba2
payload-asset	raw-assets/assets/32_24_large	4718592	77e0a3a835d20bf6b01e6fbcbf98d6849643ae061885bbd5798fcc085f666962
payload-asset	raw-assets/assets/32_24_small	4718592	040982cec30cc35a3940498a830a61fcfaf37da75fbede2b7efa0f778cf9b524
payload-asset	raw-assets/assets/8_large	1024	3f81ac1107559932425bc94acf3a7d0b80669f1dd771a16c9eba1ffe6d62be3e
image	raw-assets/assets/apphtml/about us/images/product list en.jpg	583022	5ab6852e6a104e02aeb3880ca9d0c7df1de386c67ccf75f37db3a945b07d124f
image	raw-assets/assets/apphtml/about us/images/product list zh.jpg	607555	b9a1625de50462040796d9eb673df446b75d884e3de80b98d742a4e5a1cd3bee
payload-asset	raw-assets/assets/apphtml/about us/index.html	18705	1a72be198b087c5c1a1ca846c225ed1f8fd9b6419d22a35e69eca6082a0f0827
payload-asset	raw-assets/assets/apphtml/help/answer/Contact us.html	7324	0eca652fc35a95496a6aa5e730bcb82a35a57909c418dc9769b82e03a5bfdeb1
payload-asset	raw-assets/assets/apphtml/help/answer/Content modified.html	10237	be791006d770232c9c3c4e0e5742c482597d094da1280e2fb1ad18f485ca3f9b
payload-asset	raw-assets/assets/apphtml/help/answer/Data often fails to send.html	9825	6987a115a287e67db17020ebc9ff83384ff160103072430971de429dc77629ad
payload-asset	raw-assets/assets/apphtml/help/answer/Device cannot connect.html	9585	572a48cb7180c572127d68b377595ff4749a5ab945c96236fc523f620ddf0bd9
payload-asset	raw-assets/assets/apphtml/help/answer/Device frozen.html	4667	22432989077aea3f12a7204c6b6c398d509c4c62208108ee7cabee60e16f5969
payload-asset	raw-assets/assets/apphtml/help/answer/Device no display.html	11038	d5d9f684104bfc963be70060c6c6b72ce6a1ddb001ca822debb02a29f9d6893c
payload-asset	raw-assets/assets/apphtml/help/answer/Device not searched.html	12738	25915378071523330dd828100c0f7fe93e52f41d4076f7c217416d7c884006c6
payload-asset	raw-assets/assets/apphtml/help/answer/Display keeps restarting.html	8411	3a103659e8abac91d7540356686cdf774b4ab23e3c5d746662420e4425e58bd0
payload-asset	raw-assets/assets/apphtml/help/answer/Factory reset.html	9469	1ff0f09799409dc0a53c37de766c06c6e53a19cf76c3c92469ce54671f2550af
payload-asset	raw-assets/assets/apphtml/help/answer/Forgot password.html	4239	796c2dd7cd5ab14ba7c78a0fcf3e9d1fce45bd09586fe5f134e4460382bdf2e7
image	raw-assets/assets/apphtml/help/answer/images/Device no display.jpg	57528	07d47f23175f28dd4a8bc5ff5b7adf1e446fdc4d0f31cceb171440f058285cb1
image	raw-assets/assets/apphtml/help/answer/images/iledbike_key.jpg	62993	e879831b7131667b2de441dc806e302bcccbd1328b4ba585014a4f4a3ef704e5
image	raw-assets/assets/apphtml/help/answer/images/iledbike_remote.jpg	44083	ff225229a07b2b5e2530b59da5e5f7bad4c0a04a8db4003f259fa3bfc2a9ff8c
image	raw-assets/assets/apphtml/help/answer/images/key.jpg	57375	5f34b8ff77639ff1bb771d54fe3a7cc46adba77880929f33c0e91baf3d63e865
image	raw-assets/assets/apphtml/help/answer/images/remote led.jpg	128829	3fb35eada5ea43197c14f94ace04b11237eaf56dfc4727d12f6f6d3754025a2f
payload-asset	raw-assets/assets/apphtml/help/answer/Music add.html	27425	4469a684609fad49660e28f519b01f4bf95591fc87c2d77523f1a2fe1a143018
payload-asset	raw-assets/assets/apphtml/help/answer/Operation video.html	7566	9d6fe4254366094f3a4b7ce375f17da1d950d1ee53542c2964d2ffefbd3d3711
payload-asset	raw-assets/assets/apphtml/help/answer/pdf/user manual/coolledm16/coolledm16UserManual.pdf	2707672	d61809b0ce47341f3ce78af1c094219ade2546263af4284b1ea7e7c122beb0b1
payload-asset	raw-assets/assets/apphtml/help/answer/pdf/user manual/coolledm16/coolledm16中文说明书.pdf	1537372	df5f0b14d5f2cfefc8774f7965758a2bbbf0001444f4a869a737ead364437733
payload-asset	raw-assets/assets/apphtml/help/answer/pdf/user manual/coolledu32/coolledu32UserManual.pdf	2771037	77c7678499b1c0bbd34d7ce0ba2e881b5b0b9286308827b37a02abe18c3e4d5f
payload-asset	raw-assets/assets/apphtml/help/answer/pdf/user manual/coolledu32/coolledu32中文说明书.pdf	1405696	b66f91628d308946e5cdee56b2aa63d1958eb9c05c5f8a6e42bdc493e4b9da4e
payload-asset	raw-assets/assets/apphtml/help/answer/pdf/user manual/coolledx1632/coolledx1632UserManual.pdf	2083357	0754739bbcb9ec35b862e3b72d281971f16b0730b41dc2d6953be9ed55b7b540
payload-asset	raw-assets/assets/apphtml/help/answer/pdf/user manual/coolledx1664/coolledx1664UserManual.pdf	1033434	f28119e61b5054c360ba47b7255b0ca19319afd7ea1a0caf3f3a7f855f0a560e
payload-asset	raw-assets/assets/apphtml/help/answer/pdf/user manual/coolledx1664/coolledx1664中文说明书.pdf	1073476	e30203129d10e314d85eaab02111c67b82a751592fb0d83a8754615b5927e7c1
payload-asset	raw-assets/assets/apphtml/help/answer/pdf/user manual/iledbike/iLedBikeUserManual.pdf	1151541	805bc755bc084b9e323a4fe9846b98bd8dcb47526e4a9745817a27d2794fda8a
payload-asset	raw-assets/assets/apphtml/help/answer/pdf/user manual/iledbike/iLedBike使用说明书.pdf	1257645	85f3e1f310dcfcb7b9f6589dbf31d93d90d2935c99397e29679b7fd4330cc67c
emoji	raw-assets/assets/apphtml/help/answer/Remote bind.html	25520	17fcbec53b45be14e8549a9a00af60d17980f33ff38c93839e77232c68c04dc9
emoji	raw-assets/assets/apphtml/help/answer/Remote not responding.html	17896	1368f81cb2716f3214567087b657239c3659d4b2557ddc4265306eb1c368fbc0
payload-asset	raw-assets/assets/apphtml/help/answer/Requested Permissions.html	22013	b85260df86102ea28504e322293490ba7e38049d1fb6b4f5d64b6a12df82513b
payload-asset	raw-assets/assets/apphtml/help/answer/Set mirror.html	6866	391d2539fe5099eb764a2f8c4ddfc951191d01d1589d46b0e1052f43a03e2973
payload-asset	raw-assets/assets/apphtml/help/answer/Share Animation.html	15165	1bb81de0e3f4192cfa5ccf427e204239f2a1f7d0eb6cfdd6d4d47215d807d7ef
payload-asset	raw-assets/assets/apphtml/help/answer/User manual.html	8707	b19b45181f62f99b10c2fc70eee690e40cf82da5f78a7b6f04819f07b906aa6c
payload-asset	raw-assets/assets/apphtml/help/index.html	19331	129893810776df62539d7cd2dff3ee214924c097575fb731a918bccd924bb040
image	raw-assets/assets/apphtml/help/public-images/left-normal.png	423	cd1ccff3f392559c7e3117de7f13112f304d43298730c9467cc17b30b11b7c5d
image	raw-assets/assets/apphtml/help/public-images/left-select.png	420	5f45547f8e4a8964c96706920efda6f92f6bf41f6a8e7679f0314bfce5e412e9
image	raw-assets/assets/apphtml/help/public-images/right-normal.png	449	79c8ceacdc5dca5039ac5983de4dd850bb079c3f9da4c05a91929bfffdbadf10
image	raw-assets/assets/apphtml/help/public-images/right-select.png	487	709f68451862b09e3a1c825e338b33587158d4f7a7f4c23037f06824f69e8a59
payload-asset	raw-assets/assets/apphtml/help/public-script.js	1063	6e4076c6681eef96c622c8190c1e17a35090cf933b734d37fe00e4c79dacfb52
payload-asset	raw-assets/assets/apphtml/help/public-style.css	1071	f7bf7dd892fa714939b8c5e5733acdd2174407e67f34436dcebf2e9cef598896
payload-asset	raw-assets/assets/apphtml/note/index.html	20933	ba5ff1ef892b7821014babcee95e02ee942a4f27be8949fd31f5578c4949eea6
payload-asset	raw-assets/assets/apphtml/Readme.txt	880	7a51878e0346def74a5d00f51bf728604b83a9dcdd5802d7c2460f7a33b014fe
payload-asset	raw-assets/assets/Arabic_Bold.ttf	121392	5b97ebd4d73dc3c0c23685340d4b96332ea4d942137515f5e0bfb542b75c139e
payload-asset	raw-assets/assets/chinese_black.ttf	10044356	0ee6f6723c29dbf427d12d58ffc11d58e9aa89adda0ab6b06468ee765b1eadf8
payload-asset	raw-assets/assets/chinese_song.ttf	18209004	5759184fb477d80860862e4d9cc38f415c637136fef970269ec6088295edd5e5
payload-asset	raw-assets/assets/chinese_yahei.ttf	15044440	c3c0e7bbcec69ee4765a53831c7be310acaca1ec1b408974ca4f4c73c1aa400c
payload-asset	raw-assets/assets/coolledu.bin	57716	39be7e02718aa362f2992f07653fcfa8a965cea5513329fc1e29430711b65917
payload-asset	raw-assets/assets/data1248_dynamic.json	136911	9cce5a4f5401c6d5a5c00cc6d9215aaf77a113a5c8b6d39b4455b3013114bcdf
payload-asset	raw-assets/assets/data1248_static.json	24612	9561b59fec04403cb3d69474a082c1768b1a5ec93b8445819ab7b0fd2bf340b1
payload-asset	raw-assets/assets/data1616_dynamic.json	175301	1f798f421e640d5938b8f1c60687328c156ed09680f60466fba15539a5e857ca
payload-asset	raw-assets/assets/data1616_static.json	75889	917c9f1c468294beedf90443c3b15c04b0f9a3f436f71d930c35f1f699eedab6
payload-asset	raw-assets/assets/data1632_dynamic.json	1690455	32b2ec2b1993bfae5a016683ae487b42f863a68959faaafe92db102f28918ee5
payload-asset	raw-assets/assets/data1632_static.json	44265	85b825328147e6d36a6e6e97c2f989a6f8e6ce090a3bff58302984684e8504c2
payload-asset	raw-assets/assets/data1664_dynamic.json	2271472	078e27a5f21cc1473fd07248169b0c9572de42f63dc9400b181e2f7c24d1426d
payload-asset	raw-assets/assets/data1664_static.json	64928	550eaf0b57745aadf83a12d38a3e4bacccb15147a3beac55ed56a388c68a70e2
payload-asset	raw-assets/assets/data1696_dynamic.json	2708020	d4204dc1345c70f41645a61b295da3dc5c9755590be31085c1feec33ec68bd07
payload-asset	raw-assets/assets/data1696_static.json	100949	67eb9172f554ea34189135eaed950b06ce81bc5bc88dbbb3bfa9cd9af71c0caa
payload-asset	raw-assets/assets/data3232_dynamic.json	463634	fb1f44f8d935c2b02a24c6790f52afee06e3f8a60cb247a8f43d39be3fa01dbb
payload-asset	raw-assets/assets/data3232_static.json	96975	3cd7fc4f9ac86733f5f8b70c6604e407feb296d7be357079a551bb7c030936ab
payload-asset	raw-assets/assets/dataCooledA_dynamic.json	1169214	04a5f58afdb8bd7b59c13b5c56fc8b5e77d4fac58dca251766eae3d2b8b29f61
payload-asset	raw-assets/assets/dataCooledA_static.json	200133	3e72af6a4bc3c200acafd3685bd8302accf2654c03c3f59b3c1f9470b4172499
payload-asset	raw-assets/assets/dexopt/baseline.prof	2557	8cff40cbca770a8faeeac06f7f366943dd8e6f5e02f65b7090d30c56b1f08e0d
payload-asset	raw-assets/assets/dexopt/baseline.profm	239	e8cde489ab4bf03af5c40016fb02c6b44aad41643fa313f7495043a89c5495e4
emoji	raw-assets/assets/emoji_1212.json	3973	2e09ad08b397bd1cdfed309b97ed45d4e8bc01f8b148a62b23ab61088cdf6c8a
emoji	raw-assets/assets/emoji_1248.json	17940	8218f4bbc61634951999cc3a13170641aa98fffcd4cb04ddd7e8130727cf49ea
emoji	raw-assets/assets/emoji_1414.json	4523	29eb517d62b98f620aef40828642b5ccfde2c24b321737693c863856be68aa17
emoji	raw-assets/assets/emoji_1616.json	5054	9c60881303e132b391ec9aa7d91de3313cb5ea3082fac233a49674738467447f
emoji	raw-assets/assets/emoji_16192.json	118020	f027e9242e57e57b16dd963718ae7014d19aae15bb178c5439f8bad09dfaca62
emoji	raw-assets/assets/emoji_1632.json	118020	f027e9242e57e57b16dd963718ae7014d19aae15bb178c5439f8bad09dfaca62
emoji	raw-assets/assets/emoji_1664.json	118020	f027e9242e57e57b16dd963718ae7014d19aae15bb178c5439f8bad09dfaca62
emoji	raw-assets/assets/emoji_1696.json	118020	f027e9242e57e57b16dd963718ae7014d19aae15bb178c5439f8bad09dfaca62
emoji	raw-assets/assets/emoji_2020.json	7043	f2a6812c9f56cdafc234c3a521a9fe1df3d5a24f9f8d7b0f1fc5b857fb7c7331
emoji	raw-assets/assets/emoji_2424.json	10161	db3e41b1588dd022679cfc8d451a1878ab19512e4426abf5f3f3c8f576ec7a0a
emoji	raw-assets/assets/emoji_3232.json	16944	64c2c43ab804ff30fe4b79019c739bfd364e8eeef83d8d0b36237e64e2c67e15
emoji	raw-assets/assets/emoji_a.json	244767	cb5a3f76c74e03bffd6feb9d9e317b1df85cf472d2851eff428f923eae599204
image	raw-assets/assets/emotions_1212_coolledud.xml	406	449755baf979afb254e80d53cb3411ecf9d3700d82a3f24c0f4f597d630156f8
image	raw-assets/assets/emotions_1248.xml	5659	525abc4bd379a641163acbf1f2b76685e19e9c62b5b1f3a2dfd39922ce9f4814
image	raw-assets/assets/emotions_1414_coolledm_coolledu_coolledud.xml	406	449755baf979afb254e80d53cb3411ecf9d3700d82a3f24c0f4f597d630156f8
image	raw-assets/assets/emotions_1616_coolledm_coolledu_coolledud.xml	406	449755baf979afb254e80d53cb3411ecf9d3700d82a3f24c0f4f597d630156f8
image	raw-assets/assets/emotions_16192.xml	17761	be329b9f84970cb89828872a50e1ce2ddf4718df1e14053ece07fd2172ea9620
image	raw-assets/assets/emotions_1632.xml	17761	be329b9f84970cb89828872a50e1ce2ddf4718df1e14053ece07fd2172ea9620
image	raw-assets/assets/emotions_1664.xml	17761	be329b9f84970cb89828872a50e1ce2ddf4718df1e14053ece07fd2172ea9620
image	raw-assets/assets/emotions_1696.xml	17761	be329b9f84970cb89828872a50e1ce2ddf4718df1e14053ece07fd2172ea9620
image	raw-assets/assets/emotions_2424_coolledu.xml	3552	9b259953cdc01527d537a449261025e873d9301d5d3e47f412ceba9a75fc5198
image	raw-assets/assets/emotions_3232_coolledm_coolledu_coolledud.xml	3552	9b259953cdc01527d537a449261025e873d9301d5d3e47f412ceba9a75fc5198
image	raw-assets/assets/emotions_a.xml	8583	50bf628da5dbea20f50a66af3837a5044b493d84e727dbbde4ea19ed9f610a86
image	raw-assets/assets/emotions_coolledux_10.xml	1611	0de5cfddde2ff7aee79ea294bf9297ce93aa8a944fc0ebd8023342b6587235af
image	raw-assets/assets/emotions_coolledux_11.xml	5331	dec3ecbf027643d31d9d2e19e228318cc8c81320bd2aafc8ec2919950c662aed
image	raw-assets/assets/emotions_coolledux_12.xml	2931	b17d5551d4c26bbf0d2507801ddea28e2e678b6082b6a16bd7bb658bba771b5b
image	raw-assets/assets/emotions_coolledux_13.xml	3771	c2056472789ffb04c4719257e8cb0b687a4ce7d7a0e1365c482050d91c8516fe
image	raw-assets/assets/emotions_coolledux_1.xml	10372	99b9cf1d9843535253751730b97fe4f6818b26400834b48bef75e3d3552d518e
image	raw-assets/assets/emotions_coolledux_2.xml	4371	37c99da29e3076e50a36a46e9e1b653631505d6981e72dd59754bd731a4ddc0e
image	raw-assets/assets/emotions_coolledux_3.xml	9721	971c787445e1da5f888fd57097925a6679389b96f513fa4cca15ea9c9083143e
image	raw-assets/assets/emotions_coolledux_4.xml	1851	cc649cc5e663a31f5d3908903ed2cb112f242812346afadf7c0999a840211849
image	raw-assets/assets/emotions_coolledux_5.xml	4011	0e791996536d09d5e841550b26892d51a5de1b28fce66404e482b5f8676bb92d
image	raw-assets/assets/emotions_coolledux_6.xml	2811	b4101c3550972e12242ee36aeb6eeaa6e515f80bee28eb982da35282d0cbf602
image	raw-assets/assets/emotions_coolledux_7.xml	8691	c53c30078a3fc938729f431e875c2399c07c499636f6876f167140063e0a9163
image	raw-assets/assets/emotions_coolledux_8.xml	2571	739a9d15b50e687bfeba207fe39f5c1e64523270585529764f5881aa2d9ec2fa
image	raw-assets/assets/emotions_coolledux_9.xml	1493	c2d6bb83cdb90b10637de15ce481a0a322af59fce88ca88b1344151b02aec607
image	raw-assets/assets/emotions_coolledux.xml	17750	626686fdeaa6074e517917b47ea46ee0a4182ef8652875b6806005cf048d6545
payload-asset	raw-assets/assets/flutter_assets/AssetManifest.bin	9213	c9d8e029acf1854d4035c681ba07c9260ccecf3d1a727bb9675ff535f4de9142
clock-template	raw-assets/assets/flutter_assets/assets/coolledux/business_hours_style/2448/1_business_hours_standard_style/1_business/1_5x9_time_digit.jt	522	4f384ec14bfbce362bf30c28dc90d0abfed53c8f907c4abfac29f7e29eddcfda
clock-template	raw-assets/assets/flutter_assets/assets/coolledux/business_hours_style/2448/1_business_hours_standard_style/1_business/2_3x9_time_and_time_separators.jt	131	e231afa7b6fc345c57094723e5382520404e2b940d488dcd1d79b57f3d43a42d
clock-template	raw-assets/assets/flutter_assets/assets/coolledux/business_hours_style/2448/1_business_hours_standard_style/1_business/3_1x9_time_separators.jt	120	0e98f2b26d4870bb2ff308fdb2f9b3834d99720b9c09b9e3fde0b578b5ddfde8
payload-asset	raw-assets/assets/flutter_assets/assets/coolledux/business_hours_style/2448/1_business_hours_standard_style/1_business/4_23x9_week_letters.jt	1495	a7818cc46e36232a80adb5b9bdb61537e4263a7e338395a51dc8d190ed96352e
payload-asset	raw-assets/assets/flutter_assets/assets/coolledux/business_hours_style/2448/1_business_hours_standard_style/2_24h/1_23x9_week_letters.jt	1495	a7818cc46e36232a80adb5b9bdb61537e4263a7e338395a51dc8d190ed96352e
payload-asset	raw-assets/assets/flutter_assets/assets/coolledux/business_hours_style/2448/1_business_hours_standard_style/2_24h/2_23x10_24h_words.jt	312	e4fe68632a6ff83991a11b5f101c1bc319f78d923dffc78bccb4bd18f4227c86
payload-asset	raw-assets/assets/flutter_assets/assets/coolledux/business_hours_style/2448/1_business_hours_standard_style/3_take_breaks/1_47x10_closed.jt	554	629f3ef3a539e5ef5da84aa2fda78ae84615fae2f14505324badfd526fc1d076
payload-asset	raw-assets/assets/flutter_assets/assets/coolledux/business_hours_style/2448/1_business_hours_standard_style/3_take_breaks/2_23x9_week_letters.jt	1495	a7818cc46e36232a80adb5b9bdb61537e4263a7e338395a51dc8d190ed96352e
payload-asset	raw-assets/assets/flutter_assets/assets/coolledux/business_hours_style/2448/3_business_group_style/1_business/4_21x9_week_letters.jt	1387	2fc21a11e8e708f6af4646a5c482798a67ecb1e72b6cef413be8f4d638229ece
payload-asset	raw-assets/assets/flutter_assets/assets/coolledux/business_hours_style/2448/3_business_group_style/1_business/5_4x9_week_separator.jt	141	33f22480dfac748883d74226c80231d24435275d281c597f54b363174dc641d9
clock-template	raw-assets/assets/flutter_assets/assets/coolledux/business_hours_style/3264/1_business_hours_standard_style/1_business/1_7x14_time_digit.jt	729	e38395e9a187b1fad4d7632faadbd1dd0fb6e0bb195cd705b53610dadfe68fa7
clock-template	raw-assets/assets/flutter_assets/assets/coolledux/business_hours_style/3264/1_business_hours_standard_style/1_business/2_4x14_time_and_time_separators.jt	146	aaf9bd86f2d5df9d3c598786e41c9cbf8bbd3d8eeef45ef1e625d87e74420473
clock-template	raw-assets/assets/flutter_assets/assets/coolledux/business_hours_style/3264/1_business_hours_standard_style/1_business/3_1x14_time_separators.jt	121	187711d60d73dbdfae4e3f6cd3385b1f636321346062c5e74ee33d25879f2d44
payload-asset	raw-assets/assets/flutter_assets/assets/coolledux/business_hours_style/3264/1_business_hours_standard_style/1_business/4_29x14_week_letters.jt	1845	88e6a034a67e8b0f044dd67d5255cf7b20b1bfe67cc2e2401b032e89bac1515d
payload-asset	raw-assets/assets/flutter_assets/assets/coolledux/business_hours_style/3264/1_business_hours_standard_style/2_24h/1_32x14_week_letters.jt	383	e7a604a78af4c3e1e650b6b5a898d9daaeca61daf9bc1215109e0c330b2b3aad
payload-asset	raw-assets/assets/flutter_assets/assets/coolledux/business_hours_style/3264/1_business_hours_standard_style/2_24h/2_29x14_24h_words.jt	383	e7a604a78af4c3e1e650b6b5a898d9daaeca61daf9bc1215109e0c330b2b3aad
payload-asset	raw-assets/assets/flutter_assets/assets/coolledux/business_hours_style/3264/1_business_hours_standard_style/3_take_breaks/1_60x14_closed.jt	639	7a86dc11ceb22b458c7ec31d5e5b61c61e09f399f3df37b3910d5e1f9e6bf4e8
payload-asset	raw-assets/assets/flutter_assets/assets/coolledux/business_hours_style/3264/1_business_hours_standard_style/3_take_breaks/2_29x14_week_letters.jt	1845	88e6a034a67e8b0f044dd67d5255cf7b20b1bfe67cc2e2401b032e89bac1515d
payload-asset	raw-assets/assets/flutter_assets/assets/coolledux/business_hours_style/3264/3_business_group_style/1_business/4_29x14_week_letters.jt	1845	88e6a034a67e8b0f044dd67d5255cf7b20b1bfe67cc2e2401b032e89bac1515d
payload-asset	raw-assets/assets/flutter_assets/assets/coolledux/business_hours_style/3264/3_business_group_style/1_business/5_4x14_week_separator.jt	138	f6ef3938945a3ecfd5225c6ea0747804e59703cba4050f22de23a105e4c0e974
icon	raw-assets/assets/flutter_assets/assets/coolledux/font_library/unicode_14_bold	1835008	b8576ff21eedd54dd9af86a5017cf6d77eb53eb2291f368362197c2049279839
icon	raw-assets/assets/flutter_assets/assets/coolledux/font_library/unicode_16_bold	2097152	2234c39faa8045a8bd1120256f773361f266e4c30eda459bf534aa27eeee3a33
image	raw-assets/assets/flutter_assets/assets/images/coolledux/business_hours/ic_add_group.png	1124	75fa632df7c59fc13c56398e682ae670598d929801f3d26c506689d8b3491547
image	raw-assets/assets/flutter_assets/assets/images/coolledux/business_hours/ic_delete_group.png	2275	94761a749bbce6ad4633b9024541dc8df903f0332ebed253879826339c8d4ed7
image	raw-assets/assets/flutter_assets/assets/images/coolledux/business_hours/ic_edit_group.png	2852	6f32658c6c0c326c0a2b2b58ce55155c36e4b408bd86afce9e6d15677023ed96
image	raw-assets/assets/flutter_assets/assets/images/coolledux/business_hours/ic_mode.png	7835	9cdf50d84bcdcd866f78116decf13948592a9966db34103706311a6ed57bfa17
image	raw-assets/assets/flutter_assets/assets/images/coolledux/business_hours/ic_prompt_group.png	6598	a50581f59eb3ac83b9c9cfb941c5574b608fff4658dd8acb166556128a42c975
image	raw-assets/assets/flutter_assets/assets/images/coolledux/business_hours/ic_week_item_default.png	5541	668958e1e868464e0b1690a54e72b8ce70af61e8437996841e5b344cfdaf3712
image	raw-assets/assets/flutter_assets/assets/images/coolledux/business_hours/ic_week_item_selected.png	2604	1278e66ba259b4fcf09c865dd1041fa79c0b234ca4f2dab463381679b77752c8
image	raw-assets/assets/flutter_assets/assets/images/coolledux/ic_dialog_cancel.png	1586	3b528887d2ce9358f4e43c1bd9ea9c8ac9ed60dab72a912d58bfacd79f40f267
image	raw-assets/assets/flutter_assets/assets/images/coolledux/ic_dialog_confirm.png	2775	6d381d0c19784aae527e3e5ed70947bb49c5507cc77d2a804f461a825c30423a
image	raw-assets/assets/flutter_assets/assets/images/coolledux/ic_enter.png	884	4d386a64af6cf1a3c1dd02fb77e51b009098d521988e117aba03310914e75987
image	raw-assets/assets/flutter_assets/assets/images/coolledux/ic_exit.png	863	bcdee3d3cdac2b9262b4fd3540d4d36b85efb1eaf10a519c62cf44be92d41fc1
image	raw-assets/assets/flutter_assets/assets/images/coolledux/ic_save.png	1554	016e0dc5bfb11563ca0fea4b5566baaf9ab8dda9ea0038d0027abf22f27cdb70
image	raw-assets/assets/flutter_assets/assets/images/coolledux/ic_seek_bar_thumb.png	1113	029a06ba1fe103483918f847e5249fd178d59c3405c81f29fb120d34396d033f
image	raw-assets/assets/flutter_assets/assets/images/coolledux/ic_send_failed.png	3700	70de5065ca9bb0d2e51a21eddd9a9c9bf86dd3efcbb46cd8f49d0fb1868ea5ab
image	raw-assets/assets/flutter_assets/assets/images/coolledux/ic_sending.png	2945	773805f21daef1ba97d7bb684e31b0ab837784282f0701ad92f9bfb1947fbe36
image	raw-assets/assets/flutter_assets/assets/images/coolledux/ic_send_success.png	4880	03663dd69994182223d79b8e833b814af7c24550ea86bde59f027a7cdd1d1aa7
image	raw-assets/assets/flutter_assets/assets/images/iledclock/ic_add.png	2785	c116911a645b54c6f7bda6cc1fa464b292f0c2f28a52bd2821c1de73152f0b45
image	raw-assets/assets/flutter_assets/assets/images/iledclock/ic_brightness.png	2949	fe2fd4794ac9f6cdf75784902963d45b42f220cf5c3a957b8ed1bb074ceb8a64
image	raw-assets/assets/flutter_assets/assets/images/iledclock/ic_choose_dialog_cancel.png	1208	4974a4a9831efe28e633ec0f7909576ca38b0a9f948890620e365ffd8a9844d1
image	raw-assets/assets/flutter_assets/assets/images/iledclock/ic_choose_dialog_confirm.png	2474	c896df7b697e90679ba04e5cd655ec6d11522f516aebb4082caff3ebf586fc81
image	raw-assets/assets/flutter_assets/assets/images/iledclock/ic_close.png	8239	02a04b40c8095944a8c34a8a208a43863c923c504a15738779a9bf4e952569ca
image	raw-assets/assets/flutter_assets/assets/images/iledclock/ic_delete.png	2063	9abd97a6fced4ab4fec42576a74835b85183d7ae6afb0a5cacef8d84861ca2ef
image	raw-assets/assets/flutter_assets/assets/images/iledclock/ic_edit.png	2459	b8c56cdf4a18182779ac7c3bc4f0d9154bcea608c870e7b457784f605e761d03
image	raw-assets/assets/flutter_assets/assets/images/iledclock/ic_enter.png	778	e57a156cc41c71c5502af8c3ec66a4308b3bb4a6d29393e9d273701926c6a220
image	raw-assets/assets/flutter_assets/assets/images/iledclock/ic_exit.png	863	bcdee3d3cdac2b9262b4fd3540d4d36b85efb1eaf10a519c62cf44be92d41fc1
image	raw-assets/assets/flutter_assets/assets/images/iledclock/ic_no_program.png	12766	1b45e23bd783d188ca385c89952890ea2c7bd6cfe1ad829d7eb499554fd4b4b0
image	raw-assets/assets/flutter_assets/assets/images/iledclock/ic_open.png	8110	967d3a1ed2d55560760d728cc96cd144ffabef4e252f7aeb67a682a1f4c936ba
image	raw-assets/assets/flutter_assets/assets/images/iledclock/ic_save_edit.png	2400	9cdd1fb4473287dbd027104db10088b07b8c6bc37a00bb51e8609b7818df9131
image	raw-assets/assets/flutter_assets/assets/images/iledclock/ic_save.png	2291	c0e0f637e844b04830a20f950783188297b84e8e28ed227aa3c1beaa4091a988
image	raw-assets/assets/flutter_assets/assets/images/iledclock/ic_send_bg.png	153276	240a7932b73b216e896ab78c5513f37a1b05f560390b222c5060af1781370584
image	raw-assets/assets/flutter_assets/assets/images/iledclock/ic_tip.png	2318	4fb9b699b1cd73f391fe3935c2fac1f23411730897dde77390688e84ef1c9da1
image	raw-assets/assets/flutter_assets/assets/images/iledclock/night_mode/ic_set_time_enter.png	632	913bd0ba1706b85752a38dc7f6acb7498385f0de3c06de354183e69daa68273b
image	raw-assets/assets/flutter_assets/assets/images/iledclock/night_mode/ic_set_time.png	3403	7a23be3a2ce55235e22c9c8a74973ca645d134ea0ff10e633168ed26bd3a0b6b
image	raw-assets/assets/flutter_assets/assets/images/iledclock/night_mode/ic_voice_sensitivity.png	2394	a6ceb61099fca3151fd2327c917fd86659f9fca4b164fa5ccb8b51e3c82fe4f5
image	raw-assets/assets/flutter_assets/assets/images/iledclock/night_mode/ic_wake_up_time.png	1796	f41aecb488d9f82f1270d1543a8d495ca57bb80f38b95e7dd9af50e67cf31131
image	raw-assets/assets/flutter_assets/assets/images/iledclock/remind/ic_date.png	1963	c72dbd40a3b1b593d4416f61f1227d06505f1bcf0abd674448a74692740592f6
image	raw-assets/assets/flutter_assets/assets/images/iledclock/remind/ic_last_time.png	2893	49b5dd254eecb8a1c6a0d6c04e96b63bc621ceef11fc1f4c8142944542be77a1
image	raw-assets/assets/flutter_assets/assets/images/iledclock/remind/ic_remind_item.png	1551	3f6609792b309f3aa71cbfc4823c093ddbf7ac913d732c0b9e8f9a30da0640c0
image	raw-assets/assets/flutter_assets/assets/images/iledclock/remind/ic_repeat.png	2430	de9eda7e1777fa875ead197450afe4020ff1c1f4a0aedc6aa971f9e21a9d876a
image	raw-assets/assets/flutter_assets/assets/images/iledclock/remind/ic_time.png	3187	8080c51700835ef4f3758967603367ae3b4edb31357e56290ce7d5deab70d069
payload-asset	raw-assets/assets/flutter_assets/FontManifest.json	208	cd7e03645bc44b2dd47b7cb626f51c4ecbf55a197ab77241628b47ac165fbe21
icon	raw-assets/assets/flutter_assets/fonts/MaterialIcons-Regular.otf	1645184	d9865b671a09d683d13a863089d8825e0f61a37696ce5d7d448bc8023aa62453
payload-asset	raw-assets/assets/flutter_assets/NativeAssetsManifest.json	45	9548a31e4a048135c1d94f919328bfb62ae2c7bb3cab96557c7941daa97776cb
payload-asset	raw-assets/assets/flutter_assets/NOTICES.Z	104938	fc2f09bbe0db17b2f38eb866bf1c04e3f8b10fc54110cbe6d86844df0154e037
icon	raw-assets/assets/flutter_assets/packages/cupertino_icons/assets/CupertinoIcons.ttf	257628	67c44fe9183b002e79dde7f6977e2988661c9a3e4a3c5fce968787efdbed823c
payload-asset	raw-assets/assets/flutter_assets/shaders/ink_sparkle.frag	21320	e5e61d50c9549bc35382bbbd1c9548d46c4fb9ddf40c3a698415ac7e005516c8
payload-asset	raw-assets/assets/flutter_assets/shaders/stretch_effect.frag	17368	3707b8a75ae51668d7bcf4fe72a7b6ac95055555a8afc1723da74ff5eded1378
payload-asset	raw-assets/assets/hi-bold.ttf	221652	fb294add7e4f5b02ef4cb0797d3fcd95244230e1467916ff9e392e292a4d3922
payload-asset	raw-assets/assets/hi-thin.ttf	221084	084a94d89eb54aafb93a056e15425c34fd859f6342875165d304837b3bcfc2d2
payload-asset	raw-assets/assets/iw-bold.ttf	47992	8010b087f33f152e25aef020e68cb5568d6f8deebb6dde8f60d655196e59ebde
payload-asset	raw-assets/assets/iw-thin.ttf	48036	e0ee753f09733337b9236221018d4bf71fd6d06c87dd76bbc83120514bc55911
payload-asset	raw-assets/assets/microsoft.ttf	15044440	c3c0e7bbcec69ee4765a53831c7be310acaca1ec1b408974ca4f4c73c1aa400c
payload-asset	raw-assets/assets/NotoSans-Bold.ttf	630964	379bda1de5ceb6c81a6e0b7f8346d36e12b3202757fcba90a42dc5a7f8d5df38
payload-asset	raw-assets/assets/NotoSans_Condensed-Black.ttf	629084	d4e6a54cc837fc2e2c0366d560d8678e030ee5e1965a2bc0aefc8548dfa1e543
payload-asset	raw-assets/assets/NotoSans-Regular.ttf	629024	fe8c022f48d8dd29f17b744d16f9346f4357e16f7d4f7be58b000ae7c291b614
payload-asset	raw-assets/assets/NotoSansSC-Bold.ttf	10549812	e414444c28bed174ec47f1d968fe8109ab935702022f4f082b2edde99607eb7d
payload-asset	raw-assets/assets/NotoSansSC-Regular.ttf	10560076	dc71173babc38dfd019912965f2b4b3421fb347ebd854e7b96f64ad63673924a
payload-asset	raw-assets/assets/NotoSansSC-Thin.ttf	10558240	1689388da38f57f967f3203265b52239c30683f406d81419979ebc553b59e8cc
payload-asset	raw-assets/assets/NotoSansThai-Bold.ttf	47480	0be544f347b3ab6382bdc2b555a783727a4858a3dc140670406924670967d916
payload-asset	raw-assets/assets/NotoSansThai-Thin.ttf	47512	f79d96c440ff9984bc6280893024f1dd34fd93ec6fb95f85830d7b3e345a3dd3
payload-asset	raw-assets/assets/NotoSans-Thin.ttf	628672	d425d516c28336928deee0f9c9c56c879c78a282150147fe2f6e872dbe8bfb28
payload-asset	raw-assets/assets/prvacy_page.html	9979	0a87a3f6fd70852c360e7646a047236dbbf82b73a6d0886704c4c2e760fb5102
payload-asset	raw-assets/assets/terms_page.html	7435	4be0833a047fab86b6a1b355b350b22f6b5046bd3b713cf69f855e160efb9eff
payload-asset	raw-assets/assets/th-bold.ttf	47480	0be544f347b3ab6382bdc2b555a783727a4858a3dc140670406924670967d916
payload-asset	raw-assets/assets/th-thin.ttf	47484	9acb585d8662ca4ed1b1cf5889dfa1393f8555103b3986e1ea1e3af4faef70bd
icon	raw-assets/assets/UNICODE12	1572864	b2c81c4fb2101bdef58f7c267b328fb92d2a8d1e98cc6b3d238d292f0a825ed7
icon	raw-assets/assets/UNICODE12_BOLD	1572864	e2124091c97b4a847384fa1b4cb2f15462253de019844de4f869f33f6ee54f74
icon	raw-assets/assets/UNICODE16	2097152	3391a552a4dc9436b49972efb5b7f9090a3619218ccd6c1b044af5296acff754
icon	raw-assets/assets/UNICODE16_bold	2097152	2234c39faa8045a8bd1120256f773361f266e4c30eda459bf534aa27eeee3a33
clock-template	raw-assets/assets/update.json	512	8407005db2e051feae7cacd43d97ecd68881a8601ba9b6f83729387101d36eb4
payload-asset	raw-assets/assets/vi-bold1.ttf	189124	b15a8b705652b9667f4d8c00154854f132e4221a55b5d9d35b48a6b7d396c529
payload-asset	raw-assets/assets/vi-bold.ttf	630964	379bda1de5ceb6c81a6e0b7f8346d36e12b3202757fcba90a42dc5a7f8d5df38
payload-asset	raw-assets/assets/vi-thin1.ttf	1036584	c9b76220a5be42ead4733611e417cd65c5fd8aeaa33eb56576ac378a37d130a1
payload-asset	raw-assets/assets/vi-thin.ttf	629024	fe8c022f48d8dd29f17b744d16f9346f4357e16f7d4f7be58b000ae7c291b614
image	raw-assets/res/drawable/$avd_hide_password__0.xml	1176	aa27d5df01c1504aebaac5a69843a375bc3b2f56a5f89a82355fc37beb2bc3f3
image	raw-assets/res/drawable/$avd_hide_password__1.xml	592	0b2ad59ce8bf0cfa511e4697a2d244516d93946a418bd2d628819478a31aa11e
image	raw-assets/res/drawable/$avd_hide_password__2.xml	556	63f055ff60a93b36fb2921ec82de85cd3ffe216c738b2670167a1da5b20f718d
image	raw-assets/res/drawable/$avd_show_password__0.xml	1136	5c0da4ca49195c0877e2c55473dd81bc7c7102c06c43dfb43dda794d23bf3ae9
image	raw-assets/res/drawable/$avd_show_password__1.xml	592	aa29d40108a14049e6db9f0d18ea1baab050d8daba32ae4915d630a2024c8055
image	raw-assets/res/drawable/$avd_show_password__2.xml	556	0d7b6958af8b182cb2bbe9d3f075a9aff0478a38b5072426b46cc4505b1b7c16
image	raw-assets/res/drawable/$m3_avd_hide_password__0.xml	1176	aa27d5df01c1504aebaac5a69843a375bc3b2f56a5f89a82355fc37beb2bc3f3
image	raw-assets/res/drawable/$m3_avd_hide_password__1.xml	592	62ea4f55bb9c9a0458629e6565c003ddb95536d55031a760c90e170584a1b66e
image	raw-assets/res/drawable/$m3_avd_hide_password__2.xml	556	587085d079874067c897428fa537de04ebe2f805691e446d06fd8e99fc94b1b4
image	raw-assets/res/drawable/$m3_avd_show_password__0.xml	1136	5c0da4ca49195c0877e2c55473dd81bc7c7102c06c43dfb43dda794d23bf3ae9
image	raw-assets/res/drawable/$m3_avd_show_password__1.xml	592	1349a1a6fe328dcb5555d46d735484fd5299ec23d26d6b59722a10f519cee3ac
image	raw-assets/res/drawable/$m3_avd_show_password__2.xml	556	b9ad2ca598275654370c1954923c88d3fccb93a3593fca94cac74b52cb499ab1
image	raw-assets/res/drawable/$mtrl_checkbox_button_checked_unchecked__0.xml	592	f570bab45fb795d46a3fb789603ea2e2f9f7ab1ae80910a545a2aef6c2873388
image	raw-assets/res/drawable/$mtrl_checkbox_button_checked_unchecked__1.xml	592	5e3e3e13d24fdb044a538a9e6b58eb586feaceb0ce26e9075f9c5436d810662f
image	raw-assets/res/drawable/$mtrl_checkbox_button_checked_unchecked__2.xml	592	0f80e33794002998b25703331431c42476865990186580f550f37df85a59aaa3
image	raw-assets/res/drawable/$mtrl_checkbox_button_icon_checked_indeterminate__0.xml	592	de59d7ad1a2137b008b2e71795e50ee42f25936382d21179acd8740ddc6518c3
image	raw-assets/res/drawable/$mtrl_checkbox_button_icon_checked_unchecked__0.xml	592	f570bab45fb795d46a3fb789603ea2e2f9f7ab1ae80910a545a2aef6c2873388
image	raw-assets/res/drawable/$mtrl_checkbox_button_icon_checked_unchecked__1.xml	592	5e3e3e13d24fdb044a538a9e6b58eb586feaceb0ce26e9075f9c5436d810662f
image	raw-assets/res/drawable/$mtrl_checkbox_button_icon_checked_unchecked__2.xml	592	0f80e33794002998b25703331431c42476865990186580f550f37df85a59aaa3
image	raw-assets/res/drawable/$mtrl_checkbox_button_icon_indeterminate_checked__0.xml	592	dbbc214443d4ba516be2e27db4a251823caa52cb44ee9e795f86a569d148b0df
image	raw-assets/res/drawable/$mtrl_checkbox_button_icon_indeterminate_unchecked__0.xml	592	f570bab45fb795d46a3fb789603ea2e2f9f7ab1ae80910a545a2aef6c2873388
image	raw-assets/res/drawable/$mtrl_checkbox_button_icon_indeterminate_unchecked__1.xml	592	5e3e3e13d24fdb044a538a9e6b58eb586feaceb0ce26e9075f9c5436d810662f
image	raw-assets/res/drawable/$mtrl_checkbox_button_icon_indeterminate_unchecked__2.xml	592	0f80e33794002998b25703331431c42476865990186580f550f37df85a59aaa3
image	raw-assets/res/drawable/$mtrl_checkbox_button_icon_unchecked_checked__0.xml	592	30c2bc7f943f83467705b59f7396b7671b6e5e75ca2d37ce5a958d78c5914e7e
image	raw-assets/res/drawable/$mtrl_checkbox_button_icon_unchecked_checked__1.xml	592	2a173db112b3ae1cd3aa4df1718818b362f0bca95dc25afa62845e32ac5921d8
image	raw-assets/res/drawable/$mtrl_checkbox_button_icon_unchecked_checked__2.xml	596	dc6518beab0b63278362447f19175681795c417788fbe27ae9fe9e622562a650
image	raw-assets/res/drawable/$mtrl_checkbox_button_icon_unchecked_indeterminate__0.xml	592	30c2bc7f943f83467705b59f7396b7671b6e5e75ca2d37ce5a958d78c5914e7e
image	raw-assets/res/drawable/$mtrl_checkbox_button_icon_unchecked_indeterminate__1.xml	592	2a173db112b3ae1cd3aa4df1718818b362f0bca95dc25afa62845e32ac5921d8
image	raw-assets/res/drawable/$mtrl_checkbox_button_icon_unchecked_indeterminate__2.xml	592	db8800c581d1ac7fccaec4334cc0ca965a18a4b6767d82d63df63d5c28deddd8
image	raw-assets/res/drawable/$mtrl_checkbox_button_unchecked_checked__0.xml	592	30c2bc7f943f83467705b59f7396b7671b6e5e75ca2d37ce5a958d78c5914e7e
image	raw-assets/res/drawable/$mtrl_checkbox_button_unchecked_checked__1.xml	592	2a173db112b3ae1cd3aa4df1718818b362f0bca95dc25afa62845e32ac5921d8
image	raw-assets/res/drawable/$mtrl_checkbox_button_unchecked_checked__2.xml	592	db8800c581d1ac7fccaec4334cc0ca965a18a4b6767d82d63df63d5c28deddd8
image	raw-assets/res/drawable/$mtrl_switch_thumb_checked_pressed__0.xml	592	6f2f916c62ca63fb118038c35c699cbb27a9ba08974aca6c94e6673ae226346a
image	raw-assets/res/drawable/$mtrl_switch_thumb_checked_unchecked__0.xml	548	e76b79ceb462753eb5199ca4fa4cd95471930b82cfa6d0ab5c1e2dbc73b70141
image	raw-assets/res/drawable/$mtrl_switch_thumb_checked_unchecked__1.xml	592	7b4eba8e5f850219504111bb44d1c1fa1679fc738d0e2c0f441feace67e5ce5c
image	raw-assets/res/drawable/$mtrl_switch_thumb_pressed_checked__0.xml	592	7f3166ad887d14ade77271788d6b90752eac97b74d10cc1204430939fa7df384
image	raw-assets/res/drawable/$mtrl_switch_thumb_pressed_unchecked__0.xml	592	6489291e78d6dda0d26b5575746f1c3cf46ca9e067d1be828f13bc76281e8335
image	raw-assets/res/drawable/$mtrl_switch_thumb_unchecked_checked__0.xml	548	52aa989d7e404b23956616711372dde90d5610c6540e049e1913b6b53a7a9e7b
image	raw-assets/res/drawable/$mtrl_switch_thumb_unchecked_checked__1.xml	592	ea516b07dfd5a17803c64ab87de5d4f86205fe1b709be9e6374f328cb9066edf
image	raw-assets/res/drawable/$mtrl_switch_thumb_unchecked_pressed__0.xml	592	cee0df44e23a830626bc4c2b6d0fb50acd5181c98afa2eef3e01be9259ad20a8
image	raw-assets/res/drawable/abc_btn_borderless_material.xml	588	a268b07ebd3afc5044274dd70d027c4c83d4353e34543959a8bf96fd0df811ad
image	raw-assets/res/drawable/abc_btn_check_material_anim.xml	816	72993b85f727c6f3b3143221f58d6b6ebfd84b34687e8ff3fd6d247b7f10518b
image	raw-assets/res/drawable/abc_btn_check_material.xml	464	9d146e891e74ccb9339219af874ce15ff251cae43715fa5609f63e6f93105831
image	raw-assets/res/drawable/abc_btn_default_mtrl_shape.xml	932	bb20abb5ec81b8f7ad25923a22d3157cf6f787eb359c6cac91ef02883514d1e9
image	raw-assets/res/drawable/abc_btn_radio_material_anim.xml	816	6a5bee52128013625d81064d04f73487d9f846a1205e42b526fdaec14e6f8309
image	raw-assets/res/drawable/abc_btn_radio_material.xml	464	7cb4070f489fe6d3f36fa3f585dda834682f01afd0b8d6ea94769344a1cb8382
image	raw-assets/res/drawable/abc_cab_background_internal_bg.xml	372	cb486473bc0f7d6c90dea564fd61bb612496371b6b0bcab82b95a10cf70db41e
image	raw-assets/res/drawable/abc_cab_background_top_material.xml	336	1d6d789501f02c91bc839ae4397789fa88b2570d6a3250ac48ce3d7b6669b5eb
image	raw-assets/res/drawable/abc_ic_ab_back_material.xml	692	8bc65d7c42c2557f614e2f15c7cc01a982d1f633590b563208f40c5c7d345853
image	raw-assets/res/drawable/abc_ic_arrow_drop_right_black_24dp.xml	1000	e8d9dca4f91df8b9cee60288cffabfbab8d74b3667d122f0819f572cbf43d248
image	raw-assets/res/drawable/abc_ic_clear_material.xml	684	ecd0caefe45b805ced2d32cfab59040b9e170ffa5c1d104b87e922b412235456
image	raw-assets/res/drawable/abc_ic_go_search_api_material.xml	640	bf578fed2d4df5c9f9e195e568fd977d9f45e06aaf6248683783902c49be47aa
image	raw-assets/res/drawable/abc_ic_menu_copy_mtrl_am_alpha.xml	756	84dbdf78ad99472866fd7f9f40447fcae377c02e0780935987a960bdb6d69ecc
image	raw-assets/res/drawable/abc_ic_menu_cut_mtrl_alpha.xml	1096	30d56de8667e6cdeefb48d9a2a004b40520bcdbc65a7c0c843679022e17169fb
image	raw-assets/res/drawable/abc_ic_menu_overflow_material.xml	792	b72aa4e2e2b61d67bc3b4ea57a4fbca52afbeae689052f0606b7ae82e71459dd
image	raw-assets/res/drawable/abc_ic_menu_paste_mtrl_am_alpha.xml	796	a3dbfe4e5cb06788f6d57bde7b908ec285643261bd21abf1ae7318d2aca1bc39
image	raw-assets/res/drawable/abc_ic_menu_selectall_mtrl_alpha.xml	920	3816c83d42d23c0dc86b97f887b3152009180c452cf3bbe51abd6990d44529a5
image	raw-assets/res/drawable/abc_ic_menu_share_mtrl_alpha.xml	980	909f4468b73823cb500570ab47067a41b3730aac73729afdb73ea325d3dda04b
image	raw-assets/res/drawable/abc_ic_search_api_material.xml	812	35e3219fb7977d21c01831e80e060786199048c0ff8ae454100cef2ae10fdbf4
image	raw-assets/res/drawable/abc_ic_voice_search_api_material.xml	828	8d99e8829f47c84a19cc77f408cbddbfb9295233e20cbbcd94366197699d5018
image	raw-assets/res/drawable/abc_item_background_holo_dark.xml	1012	f50f311505b2d2b9f50b93623d2846671f86471173614e0b9b284984b116214e
image	raw-assets/res/drawable/abc_item_background_holo_light.xml	1012	7e70ff9f1d239ab3201a30cbb4549978df877f76474edb46e2622d7239eed527
image	raw-assets/res/drawable/abc_list_selector_background_transition_holo_dark.xml	424	5562bcf111bc348050fe14f81d150765d4c38b6a4ee83119174c8f1b8134096f
image	raw-assets/res/drawable/abc_list_selector_background_transition_holo_light.xml	424	ef1b11940d0cdba0acbdab5fd505e2d3dc3376d82ac3611c86a7dcd34efac219
image	raw-assets/res/drawable/abc_list_selector_holo_dark.xml	1064	cf94b763018d8aff10c34215d716d3cd798428530851bf12cf2376169dd39824
image	raw-assets/res/drawable/abc_list_selector_holo_light.xml	1064	9a3f2f061ca8330ce233d03009e87d5eec58cb3dc7fa250cec8cfdbde65c298c
image	raw-assets/res/drawable/abc_ratingbar_indicator_material.xml	124	9b0ac791a3fa953e28b526e020fd2e629b40812ee1bc4693ff5fdfef15044202
image	raw-assets/res/drawable/abc_ratingbar_material.xml	124	9b0ac791a3fa953e28b526e020fd2e629b40812ee1bc4693ff5fdfef15044202
image	raw-assets/res/drawable/abc_ratingbar_small_material.xml	124	9b0ac791a3fa953e28b526e020fd2e629b40812ee1bc4693ff5fdfef15044202
image	raw-assets/res/drawable/abc_seekbar_thumb_material.xml	1100	0e3f9237c59d075e329678f1d9957dcecd5bd23e61e4c2682aa276f05d698a71
image	raw-assets/res/drawable/abc_seekbar_tick_mark_material.xml	516	b9fc808a70303801fb3c0ca24a9c1e7b759934e9086676589e6b871374a43380
image	raw-assets/res/drawable/abc_seekbar_track_material.xml	1408	0662cd56987613eb79ca40c69b90c13dd0572834c978a5b3bd9d75809f09df8a
image	raw-assets/res/drawable/abc_spinner_textfield_background_material.xml	1160	5355946120f8961c4c0e2a69a1390824a52f747312b008fd2d6af71077ba0f50
image	raw-assets/res/drawable/abc_star_black_48dp.xml	640	74f13910c634a6b4730de4fa99c5a595cd4939df021fbe79a5a4f73f6094565a
image	raw-assets/res/drawable/abc_star_half_black_48dp.xml	600	05b5baedcd58fd995fb013f2067c87dbb5f9489d7935723829a8df803d507609
image	raw-assets/res/drawable/abc_switch_thumb_material.xml	464	72a069c1c1c4a6c80518cbab2c7895fe308f4a9d4dc07e384491e088c1a7d5e5
image	raw-assets/res/drawable/abc_tab_indicator_material.xml	468	e23cd050afc97f50afc72e1e6de7ad8e2bdb7aacaf4497d7d543db2258daa54d
image	raw-assets/res/drawable/abc_text_cursor_material.xml	516	e49a3d6549f8ffce9ef6716a1dce006f64797eaae60bc091b16c560e20ee59bd
image	raw-assets/res/drawable/abc_textfield_search_material.xml	756	9a696a3f7e3bad6c6e4b51b3d27722aac27adb585a10350c2f6630b10dad9eed
image	raw-assets/res/drawable/abc_vector_test.xml	612	b2b8eab570357610a73322e777914936a1eb6399ade30906783eae1a0d632564
image	raw-assets/res/drawable/about_item_bg.xml	576	07c1d115624bb484e8c7b6f818d9249dd711d8740aff4e140f354106c2eba002
image	raw-assets/res/drawable/avd_hide_password.xml	660	71d93b8537edd2057720a957464b461eadcca076b6ef509939c09734cfd34a8b
image	raw-assets/res/drawable/avd_show_password.xml	660	db727dd4f4a76af293cb05af16fd373d6650c8eaba26cfdfce04e3ff4b0eaf68
image	raw-assets/res/drawable/black_background.xml	372	a5db3d53744afa29ff9bcac3459ce5b7df330856ae9f23542f31ad87ea23817b
image	raw-assets/res/drawable/border.9.png	267	bc5638432898a6a00244b3ec98a5054b9ad227733d09f4dcc9d212faca04f456
image	raw-assets/res/drawable/box_selector.xml	788	5740fc8dd221e033da83d246805caba2894a6c8a81fab2c567c7625ee3f37576
image	raw-assets/res/drawable/btn_back_selector.xml	1260	4a353f63e61a0029910b060f9b9671d2a55b7237e58b97bf54ff3422e3042740
image	raw-assets/res/drawable/btn_checkbox_checked_mtrl.xml	2688	c2d4585b382ece8a545149e2677f041f1131e6739dc7545088aa030723693ead
image	raw-assets/res/drawable/btn_checkbox_checked_to_unchecked_mtrl_animation.xml	688	ec0d9a27f64cb303593681f53e19c6728ea58dcf3dd11e5b56ef1d24e1fb8f41
image	raw-assets/res/drawable/btn_checkbox_unchecked_mtrl.xml	2660	e618d2ffe965ae475f462281a349c0177b76bc95c1d0bac219325873a2b51ad7
image	raw-assets/res/drawable/btn_checkbox_unchecked_to_checked_mtrl_animation.xml	688	bde86e3234831f32212094292138773a15ed7d6e832d882a8d5b75cc0f696171
image	raw-assets/res/drawable/btn_foreground_selector.xml	1260	1b12399423176ff7adbbfa1079d15fcbe9d2f319043b94e49b79fd0c90c7617e
image	raw-assets/res/drawable/btn_green_shape.xml	448	b667c2d97a0a3c26d6ce7482b4947e9bd81f2c52d215c14537b1b18c4b997914
image	raw-assets/res/drawable/btn_radio_off_mtrl.xml	1728	2a12a29193791d349bb512452f54e3d67755ded679c47b4b8e1540e88695e72f
image	raw-assets/res/drawable/btn_radio_off_to_on_mtrl_animation.xml	680	28f3fd36aa2be9091cdd68ea3b168a41f51d83a1e49197c9f37bd1b5c6e1e135
image	raw-assets/res/drawable/btn_radio_on_mtrl.xml	1656	f2c4cdf65caa5981c52511bca1f3e5413695f82445183d6a95d0dd8120dd6a14
image	raw-assets/res/drawable/btn_radio_on_to_off_mtrl_animation.xml	680	e14308f8f6a390813914e7891491095c9c1c398e91e8f5395d8659ef6009be53
image	raw-assets/res/drawable/camera.xml	464	3cd5b932e3ef9162e4c17a3582866c4b1ce082d14d197ccaf802553cdb14b546
image	raw-assets/res/drawable/cancel_bg.xml	724	4af07942baaaa2d4251ae8cab2f1d48ea28e210e149a2a63ca3d17fb3cc9304e
image	raw-assets/res/drawable/cb_emoji_text.xml	564	de14ebb5f1197887be9e092669ce0b87cf9ec1aa2db03de0dd2b8d46d9c47aa0
image	raw-assets/res/drawable/choose_area_selector.xml	788	1a2bdee1f368992b8774aeba5ebb0aed148c90059111f05b7e99d58b1ebb2588
image	raw-assets/res/drawable/choose_selector.xml	788	91b859015abf5a0975baac6572c524f0dc2784370748908be36bb2755241c3d4
image	raw-assets/res/drawable/choose_switch.xml	788	c2871ddd0dd0cd4f23f12e431e0872f10120a5c3244a247311ccad03312fec62
image	raw-assets/res/drawable/click_bg.xml	564	0ebc97cea45f47b2403523013bc6e86408fe962dbb414f8e4c5576d33c861ec6
image	raw-assets/res/drawable/click_selected.xml	664	d0ef5da05799c6ac8da71daac4b35e87db02fed0659e48cb763b58692eb5b1d4
image	raw-assets/res/drawable/click_unselect.xml	664	b3ebfead1c9f96b1fb03aca2e9e26959e52a46d0fbca2f6c2002c789d64b68e9
image	raw-assets/res/drawable/clock_hour_mode_selector.xml	788	761d4f45312c53c9e4f307ddfd51c0cb53c68d3208f0f4903cac431f83825a92
image	raw-assets/res/drawable/clock_show_year_selector.xml	788	506cf87b8f5de0f55ad3e5a39aff1f526a5e0503905c47ad1b155201e3322955
image	raw-assets/res/drawable/color_line_bg.xml	532	46a26dbf03e58e0630861f32151c45c85daaa20ed3cdc0b53f4a3712daa10b0d
image	raw-assets/res/drawable/color_picker_selector.xml	788	0e28194ac461be3848cae2675aa14a78e18b407e7401e9f81d1d6730dd00e0fb
image	raw-assets/res/drawable/color_value_bg.xml	724	808b5cdd9a9512f6e826e495615c5fbe90a114d48a2ee9b440e2fcccede0d3f9
image	raw-assets/res/drawable/common_dialog_bg.xml	448	083e7e0b5c4869f7e659b1c4e4584bf82c9751a60e0846b0acd09f5724bf1da1
image	raw-assets/res/drawable/common_dialog_btn_pressed.xml	448	0ad03c758d6fe9034a732de50ff83e23fdc74868361d1e5b2e9c8303d5364552
image	raw-assets/res/drawable/common_dialog_btn_selector.xml	588	c86106a33c0b36d2af5763595f08a96d01943396473d7a9a1aa8986bba5b0dc9
image	raw-assets/res/drawable/common_dialog_btn_un_pressed.xml	448	6ffb0fd433f21cea3da7e6fd4e58234d01eb59525d731725e306cc0ad1040b8f
image	raw-assets/res/drawable/common_dialog_white_bg.xml	640	c72be1ef2fe888d58df2eb90f8c97dcf92d5a92789f70e453ab35f626ffa9692
image	raw-assets/res/drawable/common_google_signin_btn_icon_dark_focused.xml	892	8417592075419d16db2dcc505afe6b2e813bd16fb28833833a86e6dcb12e83fb
image	raw-assets/res/drawable/common_google_signin_btn_icon_dark_normal.xml	548	db1fde9e81dcc8d7e7a6aa9a6f240bd7c2fc66bf985e4da845b0bb3f4269f980
image	raw-assets/res/drawable/common_google_signin_btn_icon_dark.xml	588	f883299869b9c02a3fc1d196b7e75289ee15c868af26fb458e63311bd1f3c71e
image	raw-assets/res/drawable/common_google_signin_btn_icon_disabled.xml	1132	a5f3336499431c1394258a8c448a39b616ce434092c802b6104b20cc4cc939aa
image	raw-assets/res/drawable/common_google_signin_btn_icon_light_focused.xml	892	2ed77ac05e9eb800a2c349f5d7fdf9310c4c626d79b8b337a3290c0629205da0
image	raw-assets/res/drawable/common_google_signin_btn_icon_light_normal.xml	548	49a0cdcaa05b54fff731ac525b73d054bd0ebfd35d1a4da827ab7c7f3347281b
image	raw-assets/res/drawable/common_google_signin_btn_icon_light.xml	588	233a1e3fafeb075d251b8ffcccfa6b5812756615d90e26323b5c82e12a18bf03
image	raw-assets/res/drawable/common_google_signin_btn_text_dark_focused.xml	892	bbc17834dc177dc9773a892ae183a148df7f58c58f9cb75f013cb4c1864d30d1
image	raw-assets/res/drawable/common_google_signin_btn_text_dark_normal.xml	584	ac0da071b9cca3b434d0998d38ecc509a12906e2a3def6e5e7c4b7a87fc44b6d
image	raw-assets/res/drawable/common_google_signin_btn_text_dark.xml	588	662304bb0cfd42f1cb75abbcb2674708328c60849a8c3dfe9e0f20488f39be7d
image	raw-assets/res/drawable/common_google_signin_btn_text_disabled.xml	1152	252fb9fa2eb5469189ea8b77f35158b5a1032a92069b7a9be7b4027929cb8906
image	raw-assets/res/drawable/common_google_signin_btn_text_light_focused.xml	892	eaf4d640c307098a4ec8c88fd057f913f73ad9931f46c0a4ab366dc35d231c55
image	raw-assets/res/drawable/common_google_signin_btn_text_light_normal.xml	584	ffcf6c57baa1dc2a180a30009e3b5544475bb13cce64c68c2811966675c775a0
image	raw-assets/res/drawable/common_google_signin_btn_text_light.xml	588	66e8c2de302fd2f6fd29717ddd3f7da4a9a874ad7f2eb66ceb6bd2806462e76a
image	raw-assets/res/drawable/confirm_bg.xml	724	1505b85fee9161782a88a48c7cb011a5a53f6fb8d04f817ae1bb831122778062
image	raw-assets/res/drawable/cooledx_mirror_selector.xml	788	7f89bfbff0f9dc695cd6ed51711689ffb13878c0693926e6828f36474242e417
image	raw-assets/res/drawable/design_fab_background.xml	372	1469ff8e217833764641de0c58da86b38dd3755ca699dce6e411449726d82fad
image	raw-assets/res/drawable/design_ic_visibility_off.xml	1144	2df3e0fe809521b7b725c6bcee3dce7c13ae855535544b2ea77f6af1033625d0
image	raw-assets/res/drawable/design_ic_visibility.xml	540	958643bd11e4e7566cd6a54a91c9a8406d3925090aa40039ffd173708ca7ff7d
image	raw-assets/res/drawable/design_password_eye.xml	816	32975cf1b04cb25b1332267c63302ec4cf7cf0856e3b1a605a7d5960d2b3e129
image	raw-assets/res/drawable/design_snackbar_background.xml	484	be8675d75cf242e6075bc228aa11a1449534b03f88940619264073b4dcc25e0d
image	raw-assets/res/drawable/dialog_bg.xml	724	71f9f7b8bf8a9278576c1bd20089b2b4e25cbe085bfbb32e86a1aba450a193b3
image	raw-assets/res/drawable/dialog_cancel_btn_bg.xml	724	cd586cab5a3d54c4b7e0e4c51c253ad23f3ff44b6215892343c855ab45bf5c11
image	raw-assets/res/drawable/dialog_confirm_btn_bg.xml	724	6dee0b56b52fda90679d876bd8ecffc277559ecddaa810bb851dce2772d39cee
image	raw-assets/res/drawable/discover_item_bg.xml	724	2fb964c844ef97b49d955a056c09a5052632f21a7ada922bdd118c2a3ec2aa5e
image	raw-assets/res/drawable/discover_selector.xml	588	02bf6411eba450b1bf4193d3eef01629bea7f084d687e9b95af2b7c3b2ed69eb
image	raw-assets/res/drawable/draw_delete_selector.xml	588	4552a139343fafcd883ae08a6fee8fa06b6f581d49383a2a30a2f745e6eea79c
image	raw-assets/res/drawable/draw_dragging_selector.xml	588	669d2909b62f4eba0f5b3ded0a5f66cdc5db86db6b215586575afd285de2dc77
image	raw-assets/res/drawable/draw_eraser_selector.xml	588	3810b6f89aa6d14848ec08110d97bb7162d1d2f235e8930390c685efbf16a036
image	raw-assets/res/drawable/draw_selector.xml	588	b2fb7d11bc0851f29cdbe670a87e102c65687fa05b75ba1966e71f3800d3f2e5
image	raw-assets/res/drawable/drive_mode_selector.xml	588	62b46362a23b13669f3aa187a841d85459a0d5a2d7a08953407c28f7c7065541
image	raw-assets/res/drawable/edit_dialog_bg.xml	724	06174aa559fd4a0444318a76e4989ff13b24bb7aaa55af61c6b9379c0e015073
image	raw-assets/res/drawable/edit_draw_item_bg.xml	724	f57c323ff816cc9a0e831514cfba689505c2514e86f2ba0c690f6227d8964d0f
image	raw-assets/res/drawable/eyes_preview_bg.xml	724	e4ade0ba4e1ebae05f91ad3193b8c3fe3e7975408731dae5c32997b174844a4f
image	raw-assets/res/drawable/eyes_selector.xml	588	eff27d4acf2d603253ad859a9470a65746d991f2d8ef267ef4e19527e3f6a4d8
image	raw-assets/res/drawable/flutter_business_hours_time_bg.xml	724	e1fe074f6f6f111a68d572246ad8826cf3c926e8d94660b24977fff7255ecc9f
image	raw-assets/res/drawable/flutter_set_time_bg.xml	724	edfe79b7a505f2edfe54accdebdb207b446a7522280ae51fd64b3d1fbef9bced
image	raw-assets/res/drawable/folder_bg.xml	1096	db46321aad557e772b33b08af09b61d6f4c9ae62ceb24743bd94304d99f8a2d1
image	raw-assets/res/drawable/font_switch.xml	788	d60675a4563db9683f4e8da92d581131a75f0f7f9737d1489696bf1a6eefa740
image	raw-assets/res/drawable/frame_item_default.xml	724	8ed3ecfe1a71f6f0f506b202b5351758763af9ca643c6196bf8b4a0c16379f71
image	raw-assets/res/drawable/frame_item_selected.xml	724	3b43da106490f8a20852c6072c1505c5c5a3ca4248340181f2c56ddda5d7a8a7
image	raw-assets/res/drawable/gray_radius.xml	628	82f4ecab92ccb32491e886073b629c4106fb9a341ae7cd70136c73ad9671f6d6
image	raw-assets/res/drawable/ic_arrow_back_black_24.xml	612	8618b748f4614d4c97d0eb53953eb547db5f76f873c7db56ab3f7c09938ffbab
image	raw-assets/res/drawable/ic_clear_black_24.xml	684	a46a24e05562841d3c7fe732a09b3e5f36c8725b7cfefbc3763f8fe4365a7bbb
image	raw-assets/res/drawable/ic_clock_black_24dp.xml	752	36a71a00f1449b917ca0c0118ee2f819bf3f3da2d60384b467ab6ceaa651f3ed
image	raw-assets/res/drawable/ic_image_select.xml	1092	d2d5f853d0a2c37739501006a6d09e592b8519efa6a6f66d47b1897cd5d08cb3
image	raw-assets/res/drawable/ic_image_un_select.xml	1152	d7bc25fa69ea7e424ad2baedb03fe0d00921811451fbce32c61865bbc30a634e
image	raw-assets/res/drawable/ic_image.xml	1084	aae273cdf7a048d7e26a9f2b6b9041ef84cdf87b368ed803b8a63aefe04ce146
image	raw-assets/res/drawable/ic_img_load_fail.xml	1500	3c6290e8533233263be8f69ce0aefb1a31caa6825b616581006d90b1e265c6bd
image	raw-assets/res/drawable/ic_keyboard_black_24dp.xml	852	35ef38a96f288d0fc296a21db7289c2ff0d90f998cc0bb435caf6caf1dc8899b
image	raw-assets/res/drawable/ic_launcher_background.xml	5696	15ed1a20acad2fcda8e3a3a7d3f5f7e490a9c1d144b73bde77508b4bb17b7c34
image	raw-assets/res/drawable/ic_list_item_right.png	1721	94428d9d7c6b49e641b803bde5fdd735b4771bb01dec2b1b3466a0ab2d30c55b
image	raw-assets/res/drawable/ic_m3_chip_checked_circle.xml	900	e01d88901aba5eeedd4ed6f6def7a8e0ae8c2bc740e875a51e9aec6f33569c79
image	raw-assets/res/drawable/ic_m3_chip_check.xml	704	bdab1b5811d0f58f9ef4c0d37faa1d917ade919fb96be1749840610f22636ac3
image	raw-assets/res/drawable/ic_m3_chip_close.xml	648	68ac9aadda3cde3f84df788f16549ec6e62c295310802a40521f8fdd9a920fbf
image	raw-assets/res/drawable/ic_mtrl_checked_circle.xml	672	b483342a55b455a75423e708aae17c4e8e7be2eebace97a663dcd9104ca39b1c
image	raw-assets/res/drawable/ic_mtrl_chip_checked_black.xml	600	5df9a282d0c275dd29ecc476fcc69dbf8c54fb1aefea05339b95fadeb05eba76
image	raw-assets/res/drawable/ic_mtrl_chip_checked_circle.xml	940	44246e967feecb0ca01223340810cde966e0fa2d87f36fce8ba6ef7c32fd464d
image	raw-assets/res/drawable/ic_mtrl_chip_close_circle.xml	808	42034529870640063c39efc5b1902e2fd74934ad0ffde295a3507b0c1a8c7e18
image	raw-assets/res/drawable/ic_phone_list.png	1874	d4cab35c613e84dbf4fe362e1c9290061000225b1ce73fd1bc056ee71aa00e2c
image	raw-assets/res/drawable/ic_photo_library_black_24dp.xml	728	e1d0d7100e5bb1df55e50e70d7015b392dd2fedd76b69a6cc53fd0900ea6c620
image	raw-assets/res/drawable/ic_search_black_24.xml	800	cd4411a64074215ce93d6fc1db460a5d5e682404c822ca4e0f9792428a3c2da3
image	raw-assets/res/drawable/i_led_car_drive_selector.xml	588	aa9e855d2d8a84cb8acf3f094f9c2f362b98ea101c7766f95bfcee226574f8b5
image	raw-assets/res/drawable/i_led_clock_animation_number_bg.xml	608	35e4a5c7c3c0895ba9ee734aae2ec9fbc3a4230e8baae5570789f16416a72fe0
image	raw-assets/res/drawable/i_led_clock_box_selector.xml	788	2f0c2fcd52535932452ee74ba6554d097f0c9bc2b25e57aec28f6f6dc6a373b8
image	raw-assets/res/drawable/i_led_clock_brightness_seekbar.xml	1244	37bc32379811a059afad4fb01c1ee2f5c5812c6f59c8efa227a74cacccb15b71
image	raw-assets/res/drawable/i_led_clock_choose_selector.xml	788	be538714d9fea3174c3f4d80187cb8edfa42f0509da0ad84f4a7530dbabde723
image	raw-assets/res/drawable/iled_clock_clock_bg.xml	748	d3c1b68a1e84c457bb5ded4fb909591c728fe029e2a3a150ae408210e2baf5a2
image	raw-assets/res/drawable/iled_clock_clock_selector.xml	588	a47a0f4b153281eb4307d917a2a0fff19a3b868a4e95c09fee2a595c81062b27
image	raw-assets/res/drawable/i_led_clock_color_picker_selector.xml	788	b8960b5f625dd2cdf1629359bbd68efb8927c1ec6532db69e08e5330352a71cf
image	raw-assets/res/drawable/i_led_clock_custom_color_bg.xml	448	8948f34d9825fbfac44f292b62f9c066d0c75ff6f981635e7bee2f0ff7907a22
image	raw-assets/res/drawable/i_led_clock_discover_item_bg.xml	576	90f0a1c7db38b0288e2454ffe63a400ef68c337bd7b7710ab9db8af4d2413087
image	raw-assets/res/drawable/iled_clock_discover_selector.xml	588	e1f27c28b84cd399a005a3832d0a0afd1df7a9cfb17f56980204c8f32101db78
image	raw-assets/res/drawable/i_led_clock_discover_type_bg.xml	576	68a5cba06e00cf9505ab9dece21804d94f98741328046950fca360eedd0a3608
image	raw-assets/res/drawable/i_led_clock_draw_dragging_selector.xml	588	854de54a54757eb2bebe257a33a6b727d702fb1a196bf3f133f1950d01524dae
image	raw-assets/res/drawable/i_led_clock_draw_eraser_selector.xml	588	ae411223e3bb5000030bfdf599f47665945f0e7c2f0af21990e14360aa5d7e62
image	raw-assets/res/drawable/i_led_clock_draw_selector.xml	588	840f1529369302c645c0ebeb401a793472e26d74d5c92c97bf384051cdd028e0
image	raw-assets/res/drawable/i_led_clock_draw_text_input_item_bg.xml	576	cbc05b42c2cc60502b2527903df9b8e176cc670bbeb4013eb99be804b1c3d8c8
image	raw-assets/res/drawable/i_led_clock_edit_animation_item_bg.xml	576	2a5a648c15b2fcd7857f1b2ba79a1c0ac1d9dc57058f48fd233df70e0bfb1f26
image	raw-assets/res/drawable/i_led_clock_edit_dialog_bg.xml	724	a478ab01077bcb94722764bf14ea18fc7b3baab7788e223d4e32401f88068466
image	raw-assets/res/drawable/i_led_clock_edit_draw_item_bg.xml	576	db57f89800a744c7ca0cbf8c7e0a1a9efce48cfcdf056a5f11a101f7ff5c8bf5
image	raw-assets/res/drawable/i_led_clock_frame_item_bg.xml	724	d585fd3f68458ca1001f7ca8e5627833c2cf3438bc17501dd3966a740aab2b4b
image	raw-assets/res/drawable/i_led_clock_frame_item_default.xml	724	aa904063e684c3c28492998ef8c44e793d592c12876f01933e99f22fee9ba3a7
image	raw-assets/res/drawable/i_led_clock_frame_item_selected_bg.xml	724	6347be599003d5ad6656ebce9b328e2f2f5197877ef45c7b33ac45db316b5ccc
image	raw-assets/res/drawable/i_led_clock_frame_seekbar.xml	1244	255eb1526fb8f752988dda332b373c8fdfe77bc401e00c17a6c4df5d3fcb9d1f
image	raw-assets/res/drawable/i_led_clock_hour_mode_selector.xml	788	254799988c6ae39c5a516bec5ec47bdcebeb6ce08e1a8987b39104d873b7aee4
image	raw-assets/res/drawable/i_led_clock_input_bg.xml	576	c1e42e12453e3b343c3d4da4c607e3f0475e7d097f7f81daabce4acdc514ace9
image	raw-assets/res/drawable/i_led_clock_input_text_choose_bold_selector.xml	788	01e81fe702b373f06c856b8cb6a3998a7e76e113af679e68cef3277674dd67ab
image	raw-assets/res/drawable/i_led_clock_language_item_bg.xml	576	3b4f0c0b97e86cfc4e3bb3d2232939564393b6fe1d24d9c1f93a7533189ec1f2
image	raw-assets/res/drawable/iled_clock_material_selector.xml	588	ce9f9ebe3742a11226c6a0e7d929a81f65f3847c6f76717598bccb15d9a7144a
image	raw-assets/res/drawable/i_led_clock_mic_switch.xml	788	1737a178bc8ae0e8c336621461f490b21acbe683cae98cf3aac016d2cd26a9e7
image	raw-assets/res/drawable/i_led_clock_notice_dialog_bg.xml	724	5db8e9ef115c45db43478309293a123142678e94a96f48bf3be1821c9820a107
image	raw-assets/res/drawable/i_led_clock_notice_selector.xml	788	3c66629999ee72f25a773ba09c55922f72e4f407290d93c6cc3bc1afb91b3b24
image	raw-assets/res/drawable/i_led_clock_preview_bg.xml	576	f5ef76730845145bd87bd75923e13c61bbae527db4e5c3cd9f04eb2ab3d17385
image	raw-assets/res/drawable/iled_clock_program_selector.xml	588	6281366e354be51e610a297a7000d130c822d42a6cd93b172cf34501d21a2f56
image	raw-assets/res/drawable/i_led_clock_program_type_dialog_bg.xml	800	5b96c5c8df18e97a2b8c3057193e5576df41a378b48dd72b64ce0a616cf8ce11
image	raw-assets/res/drawable/i_led_clock_progress_dialog_bg.xml	724	74a0e47f8ae20aba233b2723b5e83ddb8937155d0bb79195d63a6dcea7871958
image	raw-assets/res/drawable/i_led_clock_rhythm_item_bg.xml	448	a46dc6f96560410a2b966b2d7f2b6ed7f71a554001d0534bfbc07ce2cd5df7ab
image	raw-assets/res/drawable/i_led_clock_rotate_item_bg_left.xml	724	6b4471af0d6df00c8bb46167a133c4aa4b2990dad1ebd3bd54a08067e2d5905e
image	raw-assets/res/drawable/i_led_clock_rotate_item_bg_right.xml	724	2198d70df4598402fbc93137741d7a3550cf53e9be13687ba566f491cad440a8
image	raw-assets/res/drawable/i_led_clock_rotate_item_bg.xml	724	2b25e2fefe06e6d2ff3b3feacfdb1a11c99c4d179e9843837464f0c26067f520
image	raw-assets/res/drawable/i_led_clock_rotate_item_selected.xml	652	3e4686358f0a9b858924090f89408aaebc19e4b074d6347600a08cab63d9e624
image	raw-assets/res/drawable/i_led_clock_rotate_rv_bg.xml	724	70276ca02e1692dfa10e26722d0890be4de0da29ce206ffcc36a8f894fd9df2a
image	raw-assets/res/drawable/i_led_clock_seek_bar_blue.xml	1244	fa1480db9510c58aed872ad36e8c9214e93f2a821d54794aeb64464d86aef703
image	raw-assets/res/drawable/i_led_clock_seek_bar_green.xml	1244	5b1ad8113e8f5bc4fd0d8f7814e4e33c8500a265ccb0b11a98c62b9a234ef746
image	raw-assets/res/drawable/i_led_clock_seek_bar_red.xml	1244	0c3be7ebbb2c487fcba11d7ada757b5c5937a3529cd4d3c6c2abd472150646cb
image	raw-assets/res/drawable/iled_clock_settings_selector.xml	588	462b08170816b2395dcf7f44e07754ab00ead957cbfba5ade6fd5a1c08db05c6
image	raw-assets/res/drawable/i_led_clock_show_state_selector.xml	788	a351c26c29d15f96e0477eb805caad5b0e613ebbb926447482931bc69586abbd
image	raw-assets/res/drawable/i_led_clock_show_year_selector.xml	788	42e8c8c6961fbd44b47b6c626f1ff7451fed4799449ceb3cc290e788bfe58361
image	raw-assets/res/drawable/iled_clock_switch.xml	788	05f83ab8964d9081406f9cf650d398c9736b124e77dcd0bef51a08ae2c546e94
image	raw-assets/res/drawable/i_led_clock_template_item_bg.xml	612	e899ed96dff804e0a89948964ddd170727777a9f00100feab56a09cc39d61b4f
image	raw-assets/res/drawable/i_led_clock_template_item_text_bg.xml	612	86a066b85d2f978640ac7cfaed657187f8fca0bf32cce79e789914dea4a6dc8e
image	raw-assets/res/drawable/iled_clock_text_color.xml	588	7de23f7cdfd7547b034eec80cbe98c554a3b798f563046d64adea7f905f699e8
image	raw-assets/res/drawable/i_led_clock_text_emoji_bg_default.xml	652	3cdc484f3349e79e5435ad42bfaf4668a314929ddba6ca2de73611aa90f7aa4d
image	raw-assets/res/drawable/i_led_clock_text_emoji_bg_selected.xml	652	0167b444b9a7e9a7ca3be7789e7623c2451cf5abf606ce70eb5c21fd96fd8df5
image	raw-assets/res/drawable/i_led_clock_text_selector.xml	788	0fdd36ce86b33cfef47448841f9b410344fedbf3ae4629ffc6fe8964627b26f3
image	raw-assets/res/drawable/i_led_clock_timer_switch_item_bg.xml	576	ee5c6af1670e0e6a3009bf46c3d1eb6a0a51215fdcb886c9249f1fb6c2896944
image	raw-assets/res/drawable/i_led_clock_tools_bg.xml	576	3a08cfa70e3a79e236c073ab6f34c77dce431583c5d78f95dee74ccca26563c6
image	raw-assets/res/drawable/iled_clock_top_bg.xml	532	1ff9e4c1753d500918bad5f6416a45ae6d092d33655769010d717b3cd756c4ab
image	raw-assets/res/drawable/indeterminate_static.xml	828	24ccde454426a7dda4c941aab85c1dd7f1367208fc68609c0e5d3b9f6bd80d52
image	raw-assets/res/drawable/in_error_bg_icon.png	742	23e272433773dab5500dbd49954141aa82565dd8929acf270330c7f572fc4683
image	raw-assets/res/drawable/input_32_bg.xml	576	6362878bb5a7975306d7fd83d8e5e141eabaa8367f97509d9f44099b180726a0
image	raw-assets/res/drawable/input_error_flag_icon.png	636	7f7cfb80073b22c2c9bf208966983842bbdae3e6bef4d8a6eb349aa1476a8a2e
image	raw-assets/res/drawable/input_name_flag_icon.png	1520	3d66c18c24951c0917087ee0ed499bb36f85d1ba74aa98af9cc78a5337d0a2e3
image	raw-assets/res/drawable/input_not_show_password_flag_icon.png	726	e7cb143b2d787faf1837b966cd0faf16a6cffd9e645de3d556dca2646be94efb
image	raw-assets/res/drawable/input_show_password_flag_icon.png	731	52a3f200112dae39f8afd0560a6a62f902727c1cd027dfdff6cdc8b30185c0c4
image	raw-assets/res/drawable/input_text_choose_bold_selector.xml	788	8c74c3858ea01a855a5178552bcac4fda02e19acc30b8e1945180957f8563730
image	raw-assets/res/drawable/item_bg_2f2e2e.xml	724	977c2e95c94544774a9cc5db2ab0bae1e92371fd3a306b546a495ebe57ad3749
image	raw-assets/res/drawable/item_bg.xml	724	d457a8d430e84a4917bbaf1c1479c7bd3c73f39abab26e370a150e37b485e8a8
image	raw-assets/res/drawable/light_icon_selector.xml	588	28a37dd5a24109863f74b4f0954df8141cae4b77cde9006aaa0e4870a599a8f3
image	raw-assets/res/drawable/m3_avd_hide_password.xml	660	71448388faaf30915cc1597c53ae798ce917b92ffd768a9c7e32789df19604ef
image	raw-assets/res/drawable/m3_avd_show_password.xml	660	532fd8544cc71cdb5f6df23a093b9ec36e6387b70da9e5cfd0adb4f90ef51fda
image	raw-assets/res/drawable/m3_bottom_sheet_drag_handle.xml	628	c16c292e156e9a6cbacf863e6621cfdee82d34737cf07cf33071083bcc492e5a
image	raw-assets/res/drawable/m3_password_eye.xml	816	02a433ead8a37809521a71366a18379b0a6249ed2145887d36b5665f87b0af00
image	raw-assets/res/drawable/m3_popupmenu_background_overlay.xml	740	9edc84d33f5c3dbd06f572207247f0bf28aac0af3fde752c62aec5d45328c9cd
image	raw-assets/res/drawable/m3_tabs_line_indicator.xml	480	6b3fbf7feb696608e2449dc73ecc33363fe0f8504cb012d13f57d177a07cd6d7
image	raw-assets/res/drawable/m3_tabs_rounded_line_indicator.xml	956	a279757c7435c016043528168345e9536fd2d648cfbc0b37cdf906aeea1c18ae
image	raw-assets/res/drawable/main_menu_text_color_selector.xml	588	ae7f9f625713d299f8c7ca730521fcf5559c7f102134be94ae2950d365bc0121
image	raw-assets/res/drawable/material_coolledux_pattern_title_item_bg_default.xml	724	b730cc0d0fa831dd9cdf58ba2fdcf21b370ea92ee63a9d6e16ee4db50ffd5a74
image	raw-assets/res/drawable/material_coolledux_pattern_title_item_bg_selected.xml	724	5db1839e511ff2b6ed566a521a0cc08fb94754fd73e03c63432b5599b1233dd5
image	raw-assets/res/drawable/material_ic_calendar_black_24dp.xml	696	1ae3408e3c2df83732e59913f5ff206b910344050c6801c1ab27919faf72e774
image	raw-assets/res/drawable/material_ic_clear_black_24dp.xml	752	f739e5568bea1abf27dcc22657b8e39b85f22b4a98a500bfe8b29b11701cfa55
image	raw-assets/res/drawable/material_ic_edit_black_24dp.xml	716	32695bc5a16f6b9528751b628946bab98ce2458cdb5d644736b6c8af5cb85a1e
image	raw-assets/res/drawable/material_ic_keyboard_arrow_left_black_24dp.xml	712	c506af5792306683f6517401e9ce8dc5751bd63df2e52a3eb361acb233534e89
image	raw-assets/res/drawable/material_ic_keyboard_arrow_right_black_24dp.xml	700	4cdb19a98a545d6b5410379b9df49caff5626a7437b638df3a9957240228cf94
image	raw-assets/res/drawable/material_ic_menu_arrow_down_black_24dp.xml	648	df6a361808990923b166fc2809390c79e270349b55131e8b314e8e31e3e00af0
image	raw-assets/res/drawable/material_ic_menu_arrow_up_black_24dp.xml	648	dc0a33f4dd72c030676a7c55ef74d746f7e4ea1bdd535585b0fc16dd04eb8c1b
image	raw-assets/res/drawable/material_selector.xml	588	63be3fcea30845d265787825720148d74d5aa8f2cb4dbd8df6ee9b95ee24244c
image	raw-assets/res/drawable/mic_switch.xml	788	4bbad7db8d4c4c58470a5e41dc7dbb630714f7b04fd6e851c86549fe8e5e528f
image	raw-assets/res/drawable/mtrl_bottomsheet_drag_handle.xml	628	7e04790c1035f7d753123ac2379edc0cead4207d90bbaf2e88dd676e78d1e437
image	raw-assets/res/drawable/mtrl_checkbox_button_checked_unchecked.xml	724	e77c38f2c7a6e65e9f173bea5861bb7c56182384e0f2903cd7eb8c9f09a0e9ff
image	raw-assets/res/drawable/mtrl_checkbox_button_icon_checked_indeterminate.xml	524	c291757aeae4f99a5b3ce75fd924bef5d4c018ed1e89655c8eb6e008b4197f81
image	raw-assets/res/drawable/mtrl_checkbox_button_icon_checked_unchecked.xml	724	e35f0ab410a013692dbf0b6b78676d5ff387402ff072f02621559250272caec5
image	raw-assets/res/drawable/mtrl_checkbox_button_icon_indeterminate_checked.xml	524	0b9ca1acf2e373f69dc610e14e106df255c84cb21eaaa26f1e359d2d4dfb4d25
image	raw-assets/res/drawable/mtrl_checkbox_button_icon_indeterminate_unchecked.xml	724	929c74d3e79c4a1577ab7813f1012554b255fd30cadf9e46041c5bf08aaef080
image	raw-assets/res/drawable/mtrl_checkbox_button_icon_unchecked_checked.xml	724	d8c9e2056b0e831729f88e82143b95532b0cce6e25f971bb9e1d9c15dc80fe9b
image	raw-assets/res/drawable/mtrl_checkbox_button_icon_unchecked_indeterminate.xml	724	ad94cc756f2ef8e77a301f875970053daee7fa4a002ac83f4b45a808ccd8a4dc
image	raw-assets/res/drawable/mtrl_checkbox_button_icon.xml	1572	295ff7168cfa49de905ffc5de76c77a64c084334bf7f65fcca70cff99fc3f724
image	raw-assets/res/drawable/mtrl_checkbox_button_unchecked_checked.xml	724	0044a910e85b56b929f2e9c056a40ce4f2cc3bfa2ee222d491b3ea23af1ac9e9
image	raw-assets/res/drawable/mtrl_checkbox_button.xml	1332	e9e352badde7b031d3332312ad07e063745e6ee94e8a9dac6e953138d0310d0d
image	raw-assets/res/drawable/mtrl_dialog_background.xml	716	ae236782e99ef3c1bab15e17a49ea1d76d95a7d1734a3a931434e99e4e9f797c
image	raw-assets/res/drawable/mtrl_dropdown_arrow.xml	464	363c4789be2734d73ed0d97dd6c7f067e22516990ff2a4c122b14aab7f14632f
image	raw-assets/res/drawable/mtrl_ic_arrow_drop_down.xml	564	d89e4f1db9e340040521b6c9fd66344e9f42f0d41966ca8a134bcd3aa4fba15f
image	raw-assets/res/drawable/mtrl_ic_arrow_drop_up.xml	564	b1b69ae00c7a838be2bd114a4b6e392b4c05827978ebae236cd18308026d5a38
image	raw-assets/res/drawable/mtrl_ic_cancel.xml	724	e0d7a332685e547d9d9a9f43377e7fe4f63ace04a2a3c56c7064fe1b114bfe07
image	raw-assets/res/drawable/mtrl_ic_checkbox_checked.xml	904	4b2bf8eb7bf105ec8cdf981cb9b831fab17859a8fbdfed33cda0eb9c420c9f4d
image	raw-assets/res/drawable/mtrl_ic_checkbox_unchecked.xml	612	6230a18abd0c0efc92f7d4d89dfb8967684a8cde932f603a2c28fb16db89496a
image	raw-assets/res/drawable/mtrl_ic_check_mark.xml	744	0d6e412334282a19fdc45c34d88bd42b8d2d69e41ca5da2b41f18b4469e91a01
image	raw-assets/res/drawable/mtrl_ic_error.xml	644	fe1ff1e8f0a304f4548325530ed1f2c95044d61a542ab8757eb935b04c6a2f56
image	raw-assets/res/drawable/mtrl_ic_indeterminate.xml	744	d7a3e527bcd8286f699f9a1fc4774f723dce0a5adc17a7b0a5ac258c9b9ae125
image	raw-assets/res/drawable/mtrl_popupmenu_background.xml	740	8e0b5d88f00aba8bd084b01dc631d962cc959cb8e5f1c43b4b617fd330bb8e13
image	raw-assets/res/drawable/mtrl_switch_thumb_checked_pressed.xml	524	91f2ef7e7926a8da75aa184088a26b5cbf04c85e2ff3707d12eb792bf0cdbe72
image	raw-assets/res/drawable/mtrl_switch_thumb_checked_unchecked.xml	784	41c191bd66c288e20baee577c770256ad416bc6016cdb6d6b72c31f9a30dd19a
image	raw-assets/res/drawable/mtrl_switch_thumb_checked.xml	744	ba0b952eab44a7e1866a63c77d60e4debf4320144d34f292c3650fb56f7dc851
image	raw-assets/res/drawable/mtrl_switch_thumb_pressed_checked.xml	524	2759d0e8090f7d8275b0a6fc77f3f6ee9c83f840849b3df9c8ac504894820b04
image	raw-assets/res/drawable/mtrl_switch_thumb_pressed_unchecked.xml	524	96b5f937b51d7d3596c929b28dae9c501f6b4ebaea504b9e6d31dd9dfd919133
image	raw-assets/res/drawable/mtrl_switch_thumb_pressed.xml	744	21bd015fbd8bf725f1e9a75504237101732b3e3dce9b10954c3f0fb86e173906
image	raw-assets/res/drawable/mtrl_switch_thumb_unchecked_checked.xml	784	4c3027c614611f34d290c83b9c30c61861f2032f0acba230cca629d6455f76ce
image	raw-assets/res/drawable/mtrl_switch_thumb_unchecked_pressed.xml	524	4cce56e469b868aca74077047434271882f7ca700e346d78bc185e08f6fe4ef6
image	raw-assets/res/drawable/mtrl_switch_thumb_unchecked.xml	744	8bd9260c517e5100a72dd02650ce2e26d201e2371199b7e80c8e6c508c6822d6
image	raw-assets/res/drawable/mtrl_switch_thumb.xml	2004	5922e609ca00878726d76d2a58c67abde683eaaf7ad4284c7c5d996f91c37790
image	raw-assets/res/drawable/mtrl_switch_track_decoration.xml	636	0e2a7812b40fd11afa865cc7af9d11e90a54365b926eee123408963c6b306db8
image	raw-assets/res/drawable/mtrl_switch_track.xml	588	5b45e26c20bd2d14a31d63c38fe51c08700a410ead7785ade6f9b2300e40e41b
image	raw-assets/res/drawable/mtrl_tabs_default_indicator.xml	628	4d681e064532838bfd653870840ed850d9a65e8d66c7d20f5d1d60943f218ea2
image	raw-assets/res/drawable/music_icon_selector.xml	588	055be6523263bad4f354dbe0dddade2cb548523a78aefda2649d061d9392ee83
image	raw-assets/res/drawable/music_selector.xml	588	b7e5fe7a55e9df5b12fdd7795022429cf1a1eb1beb7c44597eb02874a96bdd10
image	raw-assets/res/drawable/navigation_empty_icon.xml	516	f9f57b33aa1d20c9e51051115ada48d2fa25c1b95c2cbafde6e385ac74e41bbb
image	raw-assets/res/drawable/no_banner.png	2545	338b9adba7fb173a1517449b0c0493f1269f6af1bb27702a7d393a6e62bfd968
image	raw-assets/res/drawable/notice_dialog_bg.xml	724	71f9f7b8bf8a9278576c1bd20089b2b4e25cbe085bfbb32e86a1aba450a193b3
image	raw-assets/res/drawable/notice_selector.xml	788	ddae61711be9cb8d9c4db18cca100e3f5538650572a91faa53ff3af76e58a6b3
image	raw-assets/res/drawable/notification_bg_low.xml	532	e82a65c0b670885941ec522a921fa828173bca60bf6f3edddaa05d44d1664b0d
image	raw-assets/res/drawable/notification_bg.xml	532	c7f7d52d4901305b1f7428bf04da8fe305c316b5332d9259fe6c6937cacdfbe3
image	raw-assets/res/drawable/notification_icon_background.xml	372	06c96e5fe6d0f092b7f1bb96f632b44d8b1fc667254c915cfc81eab28fae1b4c
image	raw-assets/res/drawable/notification_tile_bg.xml	304	278f94e9e86cc4002c5981a89220b32861dd2913aa2b1e2741e5d11035df8a9c
image	raw-assets/res/drawable/number_item_bg.xml	724	b611b3a041746f430296b91d61b0852a9169e09fbd786a0ca18e09977ee14d4b
image	raw-assets/res/drawable/password_bg.xml	724	71f9f7b8bf8a9278576c1bd20089b2b4e25cbe085bfbb32e86a1aba450a193b3
image	raw-assets/res/drawable/pattern_type_dialog_item_bg.xml	724	2b2a9ce8cb75b7c590104f8869904e6a32ae3f29b197e4b75e5fdaf3fe4cf57e
image	raw-assets/res/drawable/play_shape_renderer_seekbar_style.xml	1368	f5078ae3c54823294f5fbdb0763db8c52f375083680e15ba8c31e1c2cb884c08
image	raw-assets/res/drawable/power_selector.xml	788	815ed1b9df63cc7fb683326269adefbf9bc68335b80e0ce7f93e13a8fbc83a45
image	raw-assets/res/drawable/preview_bg.xml	724	e3544113ae922df3ab23c04d576b57fc382623909121d50408c1aed536cbd526
image	raw-assets/res/drawable/program_type_dialog_bg.xml	652	d8eaf5ae5fa84e8acdfcee4975d0e9bb6f8ee9de600011e315d830b72f04584f
image	raw-assets/res/drawable/progress_dialog_bg.xml	724	3cedd226c297f4714876ca67f20e425035bb25d163074c98f16004b9cb6baf72
image	raw-assets/res/drawable/red_point_shape.xml	372	afd5f53b6639c974512e588326a73870d674fe03bbd9c4a75ed29e2dedb8fb7d
image	raw-assets/res/drawable/rgb_color_text_bg.xml	724	bd6e94ce5c5c4e26861dfee28e448fd83d5fd623a3c1d657c62b6bf0f3ab72a6
image	raw-assets/res/drawable/rotate_180_selector.xml	788	8987c81c3af31242c0830e8e489687e870b47338aa9ff0b2ebfa97966a212e02
image	raw-assets/res/drawable/rotate_270_selector.xml	788	93337b5cad62ca1a4fbfcc5b3fb04ee3fa6f4fb5385a554a633098db1d9c02a4
image	raw-assets/res/drawable/rotate_360_selector.xml	788	103168bb3c6081f7bde71025e6795d9e5949aa81f5d7133e83033e71b3e7a427
image	raw-assets/res/drawable/rotate_90_selector.xml	788	07c268829a7a7be757519e330b3429ec5c69de79b0cdc8c835eeca6ccfeadb0f
image	raw-assets/res/drawable/rotate_rv_bg.xml	724	9ff5e24f308f85053bce11d39cb61150e8b82d937773e62f8ace5a25f1cceb21
image	raw-assets/res/drawable/scoreboard_start_pause.xml	788	802e4f55c0dcf934711ed3336afc14ac1f605d04493dacdeb371f6135abae463
image	raw-assets/res/drawable/score_input_bg.xml	724	7cc49c57cefb0f7de53cdc0a6d021e310230078c81ab82a818b60a1039d9d473
image	raw-assets/res/drawable/score_time_set_bg_selector.xml	588	34a3d543d84dbb736ad18153398e24e7861b5ae88a8fb110b546f702f01c081e
image	raw-assets/res/drawable/score_time_set_selector.xml	588	7799141201806dc40509301855ba9dd30129288f5e2d9dc7ecd0c0ba9983ca33
image	raw-assets/res/drawable/search_shape.xml	1532	18b3599ae7cd06c0bcdb345eb855da2d565a1f04ec42b4624687458dad92a993
image	raw-assets/res/drawable/seek_bar_32.xml	1244	32b2f9deb8b83a243d20c2042d5e01610f55591b502656c45c0f4fa2f94fb232
image	raw-assets/res/drawable/seek_bar_blue.xml	1244	95a9316856c73aa9852f9587241f47e54958327c2b339d9a7351ff02610aaf30
image	raw-assets/res/drawable/seek_bar_green.xml	1244	1b5f7222a8f1d7e01c2711d46afb3459568200ef161403a1d4df103e76d49a15
image	raw-assets/res/drawable/seek_bar_red.xml	1244	3bd089b47ddd026d491f5c449599d53477f0c037c4fd6059f76dc8005d971dca
image	raw-assets/res/drawable/send_bg.xml	724	c4165b53f51de7bac2ed233ead1f3cf9956c6ad536146c8494dcc333bb52e207
image	raw-assets/res/drawable/set_icon_selector.xml	588	06adc0ec3b56e62e5469c24ef9c68a0bce1f2d4057df8fc4676d624ac1e646c2
image	raw-assets/res/drawable/settings_mode_selector.xml	588	671f0634916b381563293395c853d44bc3b1afe3e6c6cab8fc3d649b2e4222f0
image	raw-assets/res/drawable/shape_1248_edit_text.xml	576	3fbeaedfee09eddd2ac2f5c2b7a92182b32fa3c3a4bd10762be94a423d1a3841
image	raw-assets/res/drawable/shape_1632_edit_text.xml	576	84b70d9af0a63424269089da50f2afb5e0a66755771e98734b0590e888f203dc
image	raw-assets/res/drawable/shape_edit_confirm.xml	1204	75c43576733c862f3ceedaef938a9976f6506a160063d4f659096880b0a92b0b
image	raw-assets/res/drawable/show_password_selector.xml	464	f3fdb9a6b5e6fc0b0f4e84bc77dbf1eff8d0af04260193845b7a9d89bfb33939
image	raw-assets/res/drawable/show_speed_selector.xml	564	b1a41b7f3985d03950ab3a7c38896e26a83ce9aa3dd2ab7aead17b6bad2e5e98
image	raw-assets/res/drawable/speed_bg.xml	724	0e85a729b4ba8cb0e7a494736151f98ffda113bcf8e8ac6ad48f1fe7c4d715be
image	raw-assets/res/drawable/spinner_white_arrow.xml	984	f3e343f97302d0d51ffe79a09245fabf02b13671dfef884f97ea822ea2b004b9
image	raw-assets/res/drawable/swap_selector.xml	564	1faf5a9aa7f775c8c4879503efa3727570e39e7281d761e8c3bd82bfb3256df6
image	raw-assets/res/drawable/switch_selector.xml	564	2f0199396fc288c2998bd769339e28a5eec65cac6c39c48167c12c30efbc86b3
image	raw-assets/res/drawable/tab_bg.xml	492	b13cd1c71abf3b5f2e75523d1a9e19397b1ece7f6606ad89f4f2f54c935c4a98
image	raw-assets/res/drawable/take_photo_normal.xml	1132	440271eb1f596a04afdeb0e5bcdb19e158dc8672036b879c883ca8ebd18abcae
image	raw-assets/res/drawable/take_photo_press.xml	1132	105527aa611c1548cdf111b595865e1b4c535765a7d25b4099d894bfe5fe2243
image	raw-assets/res/drawable/template_background_one_bg.xml	892	d5af8b1dd205f95d63fb9f0fe902552cec214673cb108636f075f430bc59cf65
image	raw-assets/res/drawable/template_background_two_bg.xml	860	7a7bec4e4805604d5104441bd2982a74ba2e7925ec17f30b75fa9b36c0546a68
image	raw-assets/res/drawable/test_level_drawable.xml	448	bfed226de0e3efb3850b14405102270b9a0efa2191f220f52e534dbc4534e359
image	raw-assets/res/drawable/text_color_selector.xml	788	834e75fd6c75b785c582677d359a5389937d071f82d76d5a7b287fde75525eb5
image	raw-assets/res/drawable/text_color.xml	588	849572f111705e09c90bc913dea149226663784a880c65689119312ae0b453cb
image	raw-assets/res/drawable/text_content_selector.xml	788	830da2d7554c3d0f07e25a95d8c23b93f3bcd9351fcde6741e6d087679ca7add
image	raw-assets/res/drawable/text_emoji_bg_selected.xml	652	f0508cc20eaf7c88227e3c84b126c5816bf508ae93a1d0307cb50e65fd7e8f36
image	raw-assets/res/drawable/text_emoji_bg.xml	652	3cc19cc6700211ba1a287aae907dc67123a73dd17cf3f2f61bbf33d2d6f53b15
image	raw-assets/res/drawable/text_emoji_selector.xml	564	94d0f7be3acdfc118d0f8f394ba3a60aa1320ea3c21733db750dce6aa2fdf9a8
image	raw-assets/res/drawable/text_frame_selector.xml	788	1d7e9355c36813085e59625b3d38cb808d2ad1ebfa894ab273a729769025e6bb
image	raw-assets/res/drawable/text_mode_bg.xml	652	a8d1d5a6ab483fdbd4686a7fa3fa7e04dbd7e68308ef92f37d9376b9fed27543
image	raw-assets/res/drawable/text_mode_select_bg.xml	652	63ba2d5a30fc9739568ba025853d2c5650c1d0154cdfe05e005cfcd3a2a37733
image	raw-assets/res/drawable/text_mode_selector.xml	588	b6aa62af57d5003ff90e05dccf512367ca106eb257948aca65459c4f4d9922c9
image	raw-assets/res/drawable/text_selector.xml	588	e9501aeba781c12ca6835797d40293929d7ba929536b085c60cb24fdcb78cc5c
image	raw-assets/res/drawable/timer_switch_item_default.xml	724	71c5b24b9fb88c5cd354a86f463fa27ec9cdf024103221c1de115fe6ef86de41
image	raw-assets/res/drawable/timer_switch_item_selected.xml	724	2fc9d51b33b6e547d5d69eb6ba1081f02d30751d1d713d6d583e5353a9687f87
image	raw-assets/res/drawable/timer_switch_week_item_default.xml	724	6fdd2a1a3b15c3da865104f7ba250e27e1deb800eebecf6b6a84534a3ea8814a
image	raw-assets/res/drawable/timer_switch_week_item_selected.xml	724	3cedd226c297f4714876ca67f20e425035bb25d163074c98f16004b9cb6baf72
image	raw-assets/res/drawable/tips_dialog_bg.xml	724	d2b29f51c88799f913fa023458025b0f2a5ff0f33520e28100b49c5ca2f714b5
image	raw-assets/res/drawable/toolbar_back.xml	612	cd786f78a3245990d056d824e2744de933c17903992365c271f2def0d6a0b7f2
image	raw-assets/res/drawable/tooltip_frame_dark.xml	484	12a463a706cc08b6963274c34e2b35b2adf8c2e900b65c2d609b54f409f34e8f
image	raw-assets/res/drawable/tooltip_frame_light.xml	484	5f0f592a4c4a0c0353ccdc5020dbec52114d918eb1cc56abd9a18a4514e17a2e
image	raw-assets/res/drawable/update_bg.xml	724	71f9f7b8bf8a9278576c1bd20089b2b4e25cbe085bfbb32e86a1aba450a193b3
image	raw-assets/res/drawable/white_radius_bg_shape.xml	576	a722e5c7f401eaa94c379a49179cfcd2556b9698d4807cd63eaf0ddb40153c6b
image	raw-assets/res/drawable/white_radius.xml	484	dfe2803a2f04e22a1ca8640cea2461fd7cb70af46a1a3bc1f8507b34e249a09d
